Study_days,Tumor_volume_mm3
0.0618876591930366,1.85928524343161
8.01220324423916,1.85928524343161
22.0781462023977,1.85928524343161
35.1248179317041,103.830262519287
46.9483641863881,193.506242439169
66.9260802718886,328.020212318993
73.8571246280827,452.926041493115
82.8267114419809,545.804734981564
97.9119256289915,978.17106673814
111.77401434138,1208.76644367498
