Study_days,Tumor_volume_mm3
75.7110711599925,119.151688453159
78.7126927053957,163.74591503268
86.7170168264711,284.150326797386
92.7202599172777,333.203976034858
101.725124553487,703.33605664488
106.72782712916,609.688180827887
114.732151250235,743.470860566449
120.735394341042,1051.17102396514
127.739177946983,1341.03349673203
136.744042583192,1778.05691721133
