Study_days,Tumor_volume_mm3
5.0038120215913,48.1075577913518
11.820278430057,1.03605222182249
25.8027736269098,14.6544496346873
34.8913955048641,14.6544496346873
39.610487633802,40.2623068630969
54.6416699704187,236.393580069469
60.7590116190418,299.155587495508
67.9250404074289,479.59635884537
77.0136622853832,840.477901545095
85.0535970235735,1413.1812193077
90.996157482236,2103.56330099413
103.056059589522,2487.98059647862
