Study_days,Tumor_volume_mm3
10.2732129888993,3.2254859709824
128.214622409899,519.641972855885
146.825378899473,799.326586347287
153.429195718354,1214.96899806368
156.430930636027,1483.00008599294
158.231971586631,1867.56642954361
