Study_days,Tumor_volume_mm3
3.98831400897516,11.6294597863333
11.9684955428757,85.8962406772827
17.9536316933011,204.723090102802
26.0169401181798,457.23014513203
31.9189493776271,739.443912517637
38.9847351107682,902.830830477726
46.9649166446687,1734.61877645636
