Study_days,Tumor_volume_mm3
9.88347896408214,2.91151048726792
19.9040784828103,2.91151048726792
24.8457439988954,2.91151048726792
31.8464368133494,17.2322066261459
39.8080090337088,31.5529027650238
46.8087018481627,41.1000335242758
52.8485152567112,50.6471642835278
59.8492080711651,93.6092527001616
66.849900885619,232.042648709315
75.9096209984418,394.343871616599
83.7339247322432,570.96579066276
86.8910999230754,852.606148060693
94.8526721434348,2022.12966606906
