Study_days,Tumor_volume_mm3
22.2238875134483,151.34560936989
34.9593146849521,0.0931926013893296
54.982236293483,168.631599857719
63.0480068354354,395.51022501047
68.1421777040369,635.353343029093
77.2692338436146,1145.29006242004
