Study_days,Tumor_volume_mm3
7.70381592292089,28.9176555265175
44.4396171399594,5.11670021669587
63.5050329614604,5.11670021669587
83.2679639959432,115.89434242584
91.870651622718,248.250170316114
106.983481237323,819.271027785583
127.908937626775,1416.76305083311
