Study_days,Tumor_volume_mm3
14.0811527687528,10.4322664019622
29.1030221205353,63.427977450227
39.1176016883904,191.500945816867
47.0756158092752,487.393665836345
57.0901953771303,1202.83576498792
