Study_days,Tumor_volume_mm3
7.12845289931001,3.34852243010647
20.1429436281929,3.34852243010647
40.0713825567948,0.0404044938780527
56.7664537274181,103.458239325699
74.7632547322559,120.188050742838
90.7032784793979,496.608807628454
102.78684486836,408.777297688477
112.813633999627,684.819186071261
130.810435004465,1057.05749010259
134.923989519856,898.124281639777
139.808835506884,1659.33070111958
