Study_days,Tumor_volume_mm3
8.30436692266528,3.64038377206461
27.9630088628511,35.8352229780798
34.8898527865405,113.28882170152
43.9813354363828,214.946670026035
57.8350232837615,326.28621819098
73.8533498572931,442.46661627614
83.8106879975965,1091.14050558495
97.8808397175905,2039.94708994709
106.972322367433,1338.02385151591
119.96015472435,1938.28924162257
