Study_days,Tumor_volume_mm3
154.422470967398,3.51323557373522
186.959627370552,3.51323557373522
194.984877743448,97.8306110902426
217.054316268911,387.769209900247
224.992335659493,751.065767445312
229.092191828255,2151.85345567196
