Study_days,Tumor_volume_mm3
249.434442393257,3.18738956829052
298.951378876789,604.631523296743
312.93645781795,1275.33286030302
319.034602705085,2244.93370619252
