Study_days,Tumor_volume_mm3
6.91051396520147,0.032654127481582
13.4253428862804,0.032654127481582
20.1010317807193,3.38949843260192
26.6158607017982,0.032654127481582
33.1306896228771,0.032654127481582
39.6455185439561,30.7667189132708
46.4016374250749,133.431295715779
52.8360363594739,499.601619644723
59.4312952672328,718.619383490073
65.9461241883117,1098.47831765935
