Study_days,Tumor_volume_mm3
7.87395548623677,4.54991651529346
45.8280082374942,209.372763802499
54.0436720952359,363.204803581586
60.986486622905,423.295444120291
