Study_days,Tumor_volume_mm3
21.9688308886971,1.23476960567125
89.9625215703192,318.719816127603
97.7332290767903,493.933041648206
104.974115616911,821.505593708462
106.916792493529,1072.89848249889
