Study_days,Tumor_volume_mm3
9.97015380480846,35.4183233423049
15.7587652202675,63.9653933202838
35.8581104128336,146.601648519697
55.9574556053997,368.96829887448
58.0477875054266,457.614463542941
91.6538926673971,396.012891485197
