Study_days,Tumor_volume_mm3
4.86534773590075,16.1350376170739
13.8375993111816,16.1350376170739
15.8713096682452,16.1350376170739
24.843561243526,61.3906801781057
38.8402737009641,247.441655151236
52.8369861584021,594.40158145248
61.809237733683,1026.84438814678
67.7907387838702,1459.28719484109
73.7722398340574,1243.06579149394
80.8304110732783,2032.52533394749
