Study_days,Tumor_volume_mm3
11.5376258611553,2.73750345208526
116.375013567785,81.0919735279145
150.104663487016,6.35528859431103
156.543796808857,145.928785564794
173.606642787366,340.439221675434
187.470205144904,581.261666383845
209.509714533811,558.10566208496
221.470853206147,1869.51463684065
