Study_days,Tumor_volume_mm3
5.80842911877395,63.7107458731691
10.7184740962852,50.8110430765923
17.8107612860237,63.7107458731691
25.7213893053473,63.7107458731691
31.7225553889722,97.2499731442688
38.8148425787106,146.268843771261
45.7707396301849,228.826941669352
53.6813676495086,326.864682923336
59.6825337331334,417.162602499373
66.7748209228719,770.614459125577
73.7307179743461,835.112973108461
80.6866150258204,1093.10702904
