Study_days,Tumor_volume_mm3
0.144191297208535,20.9663972160797
14.7788382594417,53.1119730307757
35.7517446633826,537.470547721753
60.8923440065682,2007.64128031319
