Study_days,Tumor_volume_mm3
105.960791397484,1.94854873110565
135.00373801351,519.670644455302
138.936848335235,795.85143193698
144.90432606475,1066.77163299044
152.97398344898,1771.69021437224
