Study_days,Tumor_volume_mm3
8.80382562277579,63.6907897272509
15.7967081850534,126.803448231561
29.7824733096085,271.962562791475
45.866103202847,858.910286881561
57.7540035587188,1875.02408880096
73.8376334519573,2891.13789072035
