Study_days,Tumor_volume_mm3
29.3021621054501,0.868054054521143
53.195888852123,3.13329471472656
66.6399376034758,31.9779780395534
85.6957595245615,144.794389936333
101.742767458107,335.507848142794
115.78389939996,413.404894452475
126.565482855311,493.988045807318
135.59192481793,617.548877884744
147.62718076809,851.240016813787
156.653622730709,1181.63093736864
