Study_days,Tumor_volume_mm3
9.94080354855239,4.67117742879486
17.0479647066359,4.67117742879486
27.9477506038647,308.322197846031
37.9843599033816,834.778121260471
40.9607336956522,908.368734210876
48.9900211352657,1253.6785334397
