Study_days,Tumor_volume_mm3
26.1399374782261,0.0354337683813271
35.7882583453942,0.0354337683813271
50.0310177207377,0.457417737285514
62.8954455436285,0.457417737285514
75.7598733665193,0.0354337683813271
95.515958951673,0.457417737285514
131.35257931544,0.0354337683813271
175.918632844741,0.457417737285514
214.052472462596,0.457417737285514
264.591296052524,0.457417737285514
299.084746383034,47.7820586581164
318.447022953201,135.683902956178
327.075659763708,220.311065536365
