Study_days,Tumor_volume_mm3
10.9476358303508,14.9478914762595
28.7772416110529,188.075111441079
41.7271658096682,408.418845941758
61.6212522597148,686.471653764044
82.6414190748584,1793.43660566031
96.7174236385707,1011.74097612219
108.728947532938,1830.16056141043
122.617272035801,2501.68432369821
