Study_days,Tumor_volume_mm3
6.12071199618086,9.30232558139633
20.9206650089761,64.3038672944706
35.8198097744277,350.775231978566
43.853662344034,722.413759136311
53.9324955677218,1434.72093618866
61.820278090608,1992.17872692527
76.8654929027797,2263.1651529778
89.8657270608699,3285.1711026616
