Study_days,Tumor_volume_mm3
16.322964601129,3.26755095438382
135.559361072348,3.26755095438382
152.828080561283,3.26755095438382
171.741440001545,3.26755095438382
210.801638845565,3.26755095438382
224.369918444014,5.9163701067617
229.714998285827,64.1903914590749
244.10559785994,305.232934325461
254.795757543567,562.168392106115
270.830997069006,861.484956324814
276.998396886483,1208.48026528632
