Study_days,Tumor_volume_mm3
19.8676333183375,34.9029814042818
40.9051761428522,262.706391400066
54.8239544762432,552.638004121973
68.8489830259197,604.411506393743
87.8677717410112,1239.49980092744
94.8802860158494,1688.20348728278
