Study_days,Tumor_volume_mm3
0.437705114384955,1.27167465612153
14.4963947778177,1.27167465612153
78.2625943226734,88.8522211632836
97.0911965504851,127.983954709037
163.367876392382,1119.32120453479
