Study_days,Tumor_volume_mm3
24.8027727446119,60.9120653071801
55.3477851420942,415.561707927149
76.7105545489224,942.080023509104
88.8910809650963,1493.15100665706
91.9830607476636,1711.39694057704
