Study_days,Tumor_volume_mm3
4.06192403223706,9.94405045498814
12.9672168232286,9.94405045498814
19.9195663517296,57.1427635114754
27.8728475930125,211.690720568379
34.8588378725178,812.710553567448
41.9523049255539,1697.06830783751
53.8822267874782,2907.69397144992
