Study_days,Tumor_volume_mm3
6.96545496953676,68.7518496596628
22.0115385702775,159.2125382263
34.0484054508701,928.128391042715
50.0204018885795,2714.7269902338
61.0156168275823,3845.48559731676
