Study_days,Tumor_volume_mm3
0.167765987955262,1.97599018576956
16.4231982528512,65.1112863652298
23.5755884494055,126.811689449702
30.4678917297214,221.514633718893
37.6202819262756,362.13415702769
41.5215856698507,376.483087977568
58.5572786834616,431.009025587101
69.6109726235909,581.672800560813
76.5032759039068,700.768927444795
83.3955791842227,749.555292674378
90.6780128388961,732.336575534525
