Study_days,Tumor_volume_mm3
57.9558164204796,6.38220125829591
68.5748869140547,151.648834265874
83.5202453864937,481.44335244524
89.6819282654818,783.754994109659
96.6302089588087,1035.0270079606
103.578489652136,1266.66839572944
106.593781273768,1211.70264269955
118.786047396021,2491.6194632528
125.734328089348,1777.06467386418
131.63381169689,1655.35479215513
139.630889476002,2036.18893814797
