Study_days,Tumor_volume_mm3
0.0139302615456292,1.69388007740883
12.7991292815131,46.3545090539654
20.8251643409065,71.7982429928884
27.749586745089,161.829916930616
34.8313823857302,263.604852686309
45.6901357013801,279.262535110261
54.8177834159843,404.523994501883
66.778149386845,478.897986015658
79.6827547764579,840.981892069563
93.6889728212817,1234.38116297137
103.760859954638,1138.47785812466
