Study_days,Tumor_volume_mm3
7.82182707634804,20.2165668114104
21.7429322633247,187.159896663553
35.9040565052493,1091.55169570714
45.98485681306,1546.62782388831
55.9456475933967,2070.82943989447
63.026209714359,1350.77227505084
69.9867623078473,1949.85983620074
