Study_days,Tumor_volume_mm3
5.75293079244018,64.9897330595479
11.7572575744877,80.9265314699232
18.6193453253992,96.8633298802985
25.4814330763106,149.985991248216
32.6866252147676,261.543580120844
40.5780261283158,410.287031951013
45.7245919414994,590.904080601934
53.7875450488204,856.517387441522
67.6832727444161,1339.93360588957
74.7169126891003,1462.11572703578
81.7505526337845,1929.59514707346
88.612640384696,1488.67705771974
102.679920274064,2147.39805868192
