Study_days,Tumor_volume_mm3
6.83503313910674,116.402591673767
12.8467384142324,92.9421755883477
21.8642963269209,294.70175392295
26.8198912158758,510.537581908804
35.8374491285642,1125.20048334678
41.8491544036899,1721.09505191642
48.8357308045116,1800.86046660684
