Study_days,Tumor_volume_mm3
4.91579194736017,13.5162121730974
11.7568802548436,107.371266874539
17.8778540036445,258.480615684084
26.8792859871754,590.921183065083
32.910245416141,817.585206279401
39.031219164942,1255.80231782708
45.9623217922607,1648.6866247319
52.9834387394147,2653.56379431538
