Study_days,Tumor_volume_mm3
7.92984354826459,12.5561938277353
14.8942241968558,59.5606272317961
22.9364256601099,241.702806672532
32.885540872383,682.369369835602
48.8870345054556,1358.05810001898
56.846326675274,2456.7867308389
