Study_days,Tumor_volume_mm3
163.022703253917,211.668117449736
201.98144989339,1430.97131695718
