Study_days,Tumor_volume_mm3
209.529182284097,22.5443934379552
223.523542864076,119.508914273513
246.501937396635,492.449379025657
263.606155883276,1126.4481691043
292.631496345455,2610.75121881783
