Study_days,Tumor_volume_mm3
0.0938452445724284,4.1668901163724
6.97691319713612,7.67951949375208
15.8801340593136,241.093063506856
26.8904948181264,895.133803754493
34.9060374505421,1418.3663959526
47.8542217029059,1806.43056849953
