Study_days,Tumor_volume_mm3
0.0848403722115731,2.22768760629126
6.97026580172287,35.1428276058978
38.9070167863687,1453.90142204048
