Study_days,Tumor_volume_mm3
0.026945701357469,3.41191296934641
7.06893665158372,5.35416435005
34.8329869727047,620.866744923471
45.8952543424318,990.325248490762
