Study_days,Tumor_volume_mm3
13.249068986709,1.11156450929271
119.080284990965,792.314186904257
132.162741581897,915.764241462337
142.511550526963,1740.63506055496
