Study_days,Tumor_volume_mm3
31.9603204765266,177.754245576598
65.9973784833984,611.974926647106
74.0240279835263,751.745532141905
