Study_days,Tumor_volume_mm3
13.9623256287547,28.6476517501108
50.919038285307,450.175121843155
