Study_days,Tumor_volume_mm3
153.21166426564,3.39712993455356
190.723767801053,3.39712993455356
244.478225444584,3.39712993455356
284.310665281156,15.001406894827
312.928146328791,32.4078223352372
325.303273268309,148.450591937972
338.838568358406,380.536131143441
348.506636279905,618.423808829047
355.080922466523,1146.41841052149
370.163108424061,3078.53052440702
