Study_days,Tumor_volume_mm3
13.4082137555666,3.81324036290273
36.7431964374073,3.81324036290273
53.5962394854033,3.81324036290273
80.8203859475507,149.132364010936
202.68085106383,141.866407828534
223.423057892133,592.355691137436
242.436747484744,933.855631710314
255.832756061356,3854.77001703578
