Study_days,Tumor_volume_mm3
11.3696216011394,28.5861561119296
19.6627108567546,9.99999999999976
24.6094658513321,9.99999999999976
34.6484686344453,9.99999999999976
41.632122744437,9.99999999999976
54.7264742006716,9.99999999999976
61.7101283106634,256.951399116347
67.675332862948,426.730486008836
74.6589869729398,565.640648011782
81.6426410829315,1074.97790868925
88.7717879868815,1808.11487481591
96.7738916545804,2780.48600883652
101.720646649158,3282.10603829161
