Study_days,Tumor_volume_mm3
7.09018720270063,58.1426699120019
19.0303437164339,594.062909567497
25.055700475679,1152.54821194533
32.0760702777351,2241.31248829807
