Study_days,Tumor_volume_mm3
3.79612361039256,59.7328244274815
17.7608171711946,434.990556386244
26.7796817625459,1236.0214842213
31.7982435109591,1640.1451955615
38.7805902913601,2881.38230896356
