Study_days,Tumor_volume_mm3
26.9340244664408,82.5096040189128
37.7577115327699,174.449615839244
58.7588953928113,542.209663120568
76.6906754579236,1214.82343380615
88.806743069486,1597.1003250591
100.761263112894,2177.77408392435
111.746497747377,1442.2539893617
121.762446972936,2235.84145981087
