Study_days,Tumor_volume_mm3
18.1711273707519,1.45378889692976
88.6745235535408,168.239809987426
100.695423511768,266.496312255958
115.586986146587,526.587053555015
123.660724924501,692.274488752932
136.578706969164,863.74171820194
145.549527833513,1154.65802884014
