Study_days,Tumor_volume_mm3
9.13678451178452,1.91435053885418
29.9013855282867,34.0242908811489
44.8380621807428,125.139935877903
55.8440344509736,284.592314622223
77.6987508161463,486.348385686464
85.7173877558859,546.549793987891
104.741996965856,683.223261483022
113.70400295733,694.612717107616
