Study_days,Tumor_volume_mm3
34.8713377907368,66.4418428203408
37.8022445840476,114.982619896249
44.8445622957527,320.703056075096
53.8815249084609,579.587200479938
58.8884906803669,645.46396936867
