Study_days,Tumor_volume_mm3
8.89091076805698,2.12435700009813
30.7342235798181,75.9892366520323
46.6694554448755,104.189208327432
60.6127833268007,86.5642260303073
79.6465324989525,114.764197705707
99.5655723302743,209.939102110183
166.626339762391,890.26341877921
