Study_days,Tumor_volume_mm3
4.18356643356643,8.02514792899435
11.1552344714109,8.02514792899435
19.238327848622,8.02514792899435
26.7151892225422,106.680338891878
31.767122583299,359.484265734266
38.6377519539284,643.117939752555
45.9125359934183,1463.18921463152
52.8842040312628,2554.56226465842
