Study_days,Tumor_volume_mm3
3.67916141991965,24.1552920116352
13.5766249925047,6.56746475721585
18.2504272351142,6.56746475721585
31.5845101037357,65.1935556052803
40.6571850452719,82.7813828596997
45.3309872878815,211.758782725442
52.3416906517959,393.499664354441
59.4898587875517,833.195345714925
67.4628155543563,1126.32579995525
73.6487302872219,1560.15887223092
81.6216870540265,2556.80241664802
