Study_days,Tumor_volume_mm3
5.65402529025291,1.43012829092036
13.6491989919899,1.43012829092036
26.5446404464045,1.43012829092036
43.5666231662317,1.43012829092036
60.0727882278823,54.6536527541443
75.2894091440914,51.1054177899293
83.0266740167401,221.420696072246
91.0218477184772,345.608919819768
103.659380343803,448.507733782001
119.907636576366,686.239476384401
134.092622176222,1097.83473223333
148.019698946989,1463.30293354747
157.562325623256,1548.46057268863
