Study_days,Tumor_volume_mm3
6.86468434054873,63.5299379655016
13.8504385821716,63.5299379655016
20.8361928237945,63.5299379655016
27.8219470654173,111.083237721123
32.8117715237194,226.994405875451
45.9100607267622,333.9893303256
53.8937798600455,565.811666634256
60.8795341016684,631.197453798235
68.8632532349516,857.075627637438
83.8327266098578,1356.38527507147
