Study_days,Tumor_volume_mm3
17.4432227436429,4.35781381490648
25.5923005565863,4.35781381490648
34.3847266179199,55.4350828056105
42.1049055986031,126.943259392596
57.1163647277093,263.149310034474
71.2700261922951,464.053234731243
76.6312615955473,661.552008161965
83.4936429117101,947.584714509908
90.1415748117429,1012.2825885648
97.2184055440358,1155.29894173877
104.295236276329,1247.23802592204
112.229864673142,1369.82347149973
