Study_days,Tumor_volume_mm3
7.87871019054388,7.43003948757266
12.7556858564321,3.92062837211571
25.6131671574102,3.92062837211571
35.5887992012725,7.43003948757266
42.793422344062,3.92062837211571
60.6387196669712,544.369940152485
66.7349392493316,1088.32866304831
73.6070413239923,1856.88969733338
