Study_days,Tumor_volume_mm3
118.121737872251,0.601912212081932
126.097414726177,0.601912212081932
131.11913718976,0.601912212081932
138.060930007065,6.29508909169949
143.747292208476,103.079096045198
150.689085025781,461.749239461104
157.704726702846,1207.555410691
164.794217239669,3097.69013472403
