Study_days,Tumor_volume_mm3
7.7953900736045,9.59309222790883
12.7899056682275,3.72758702504851
19.7663718956374,76.1964884926955
26.8221161483588,435.854828322543
33.7985823757688,589.042639731553
40.7750486031787,1541.471206318
48.7821291596378,2653.74792393994
