Study_days,Tumor_volume_mm3
5.98975034180462,24.9668463381244
10.9369562490079,240.722322039699
19.9928585876172,1404.49428188455
24.9819899686103,2476.7336156742
