Study_days,Tumor_volume_mm3
5.03997937331271,110.666546514073
11.0203536870204,417.596347361149
20.0604543937877,2416.5750503139
26.0408287074954,3195.70454477186
