Study_days,Tumor_volume_mm3
15.0431091715166,0.519678492238594
21.9699525402538,5.70656477668576
31.8509942167231,71.9332298136655
39.8496578419852,529.619565217392
49.885716918965,702.523291925467
59.9217759959448,1287.3447204969
66.8640123499459,2889.24689440994
