Study_days,Tumor_volume_mm3
8.48411487254879,10.2013921088075
75.4709076721078,4.17554444223646
224.795633287791,1267.27831320424
