Study_days,Tumor_volume_mm3
7.76132923155322,46.2319019460432
22.7327017041622,101.108605154789
35.7406154918389,242.220127691565
51.8164334747223,740.030221085191
66.7878059473313,1492.625007948
