Study_days,Tumor_volume_mm3
82.096788044377,0.637274140425781
90.7617209227161,76.2444400837262
95.771135243006,167.603098931881
102.676003630432,372.372506694986
110.663988627651,567.691018715179
117.771941379414,889.021473974205
125.692231588521,1169.39804768061
130.837035485035,1758.50388232216
138.757325694142,2344.45941838274
