Study_days,Tumor_volume_mm3
19.968684434658,15.73704462905
37.8781497330647,199.467759916568
48.8993591474688,491.552486783903
79.8199744489914,2352.41485956773
96.8110056295311,1061.58880857338
103.852333866512,1019.1894127378
114.873543280916,1612.78095443593
