Study_days,Tumor_volume_mm3
158.856029083036,83.5223356142512
193.116293109954,8.63876326098366
200.445603324668,64.8014425259343
215.445121903617,320.653648066265
222.263084894048,482.901388165011
229.592395108762,432.979006596166
234.535418276825,888.520738411877
243.228321089625,1032.04758542231
248.512242407209,1450.14753106138
258.398288743335,2055.45640758363
264.534455434723,3097.58612283327
