Study_days,Tumor_volume_mm3
18.9040730412399,129.886173418145
24.9106692765592,361.449614998326
33.8678741888776,734.524048655284
39.8744704241969,998.249079343823
49.8854641497292,1442.07900903917
55.8920603850485,1680.07476844102
67.9052528556873,2194.66019417476
