Study_days,Tumor_volume_mm3
6.88092542270532,13.5307400932397
19.8592995169082,51.7009032634029
32.8376736111111,170.982663170163
39.8830766908213,337.977127039627
45.816047705314,571.769376456876
52.8614507850242,796.019085081585
59.7832503019324,1234.97596153846
66.8286533816425,1797.98586829837
73.7504528985507,2022.23557692308
80.7958559782609,2236.94274475524
