Study_days,Tumor_volume_mm3
12.0589840068835,7.28379360751716
27.9143875192604,146.173945917097
47.8469761171032,743.959037537805
63.8687403697997,1860.87328767123
70.8072996918336,2671.02939868351
