Study_days,Tumor_volume_mm3
8.35116010397612,2.39688051811694
14.4469208305253,3.86791049175631
120.387038285036,727.614657522325
