Study_days,Tumor_volume_mm3
18.0540107019679,9.28102780828163
87.8218102543929,2122.06485424643
90.8279733805403,2408.98718114165
95.9384506949908,2030.49389885433
