Study_days,Tumor_volume_mm3
8.19792243584673,10.357697857698
16.1269516311945,88.394475894476
30.2230035340349,127.412864912865
44.0253876888994,328.078865578866
52.1012507582351,361.523199023199
57.9746057177519,439.559977059977
66.0504687870876,573.337310837311
77.9440125801092,1208.77964627965
89.9843902471187,1520.92675842676
98.9412565603819,2368.1832056832
