Study_days,Tumor_volume_mm3
19.9076659136439,71.5998940443479
28.5296092137891,124.838980067999
40.6003298339923,237.972037868258
55.7749500422478,577.371211269036
91.9871119028576,1981.55210514284
106.98929324511,2474.01365086161
