Study_days,Tumor_volume_mm3
13.2529884381736,0.801611796982087
61.172512900908,1141.96673525377
