Study_days,Tumor_volume_mm3
26.9155690066021,94.2750152477307
54.2582998506636,1348.20534208732
188.367884466774,2976.95179923223
