Study_days,Tumor_volume_mm3
15.9077035809864,14.5397583844212
28.9292404740665,126.737738910927
35.9408372626481,156.263523260007
44.8722760290557,370.817556196658
50.8822161335542,488.92069359298
56.8921562380528,744.810824618344
62.9020963425513,847.166877028489
