Study_days,Tumor_volume_mm3
7.69688936019796,16.5370058872999
14.780009949858,16.5370058872999
22.7035007789691,275.084805158396
30.7470444994305,840.658116063919
40.8314873728447,1050.72820297168
55.8380987916159,1066.88744042613
64.8420656428786,638.667647883375
75.8869316470942,1341.59447715167
84.8908984983569,2044.52130641996
