Study_days,Tumor_volume_mm3
26.8987955328762,104.842719956622
37.6198925844284,233.352893753032
58.679190364263,510.934869153278
76.6753175579398,870.763355783226
87.7793109327617,1184.32817984647
100.797785923932,1251.1534702206
111.710331137119,1749.77294455067
121.857083703767,1965.67003652864
130.855147300605,1497.89300390971
136.790040311286,1631.54358465797
146.745344716299,2171.28631460289
