Study_days,Tumor_volume_mm3
0.503808458856789,4.53221065929083
117.27760310465,528.353377445662
132.477497862264,1205.65080965989
143.57583371703,1856.25671745188
