Study_days,Tumor_volume_mm3
14.2676896953723,16.3020465772757
40.3295782857722,26.3873740937959
76.3514242992549,903.810868031052
95.2753434031122,1529.1011740553
101.251317856962,1781.23436196831
118.515244056972,4514.35811894528
