Study_days,Tumor_volume_mm3
7.87215840484279,11.4915971216412
12.8987497249636,11.4915971216412
21.8886149705644,39.4574010030254
26.9152062906853,89.7958479895171
36.8717237132323,397.419690684744
41.8983150333532,626.739282512095
49.9215281020076,1174.86903858723
54.9481194221285,2349.43280160536
55.9147715990748,1202.83484246861
63.9379846677292,2427.73705247324
