Study_days,Tumor_volume_mm3
6.9750899802624,6.18287952644336
13.7485185185185,16.2966841186738
24.7525185185185,67.5078534031415
35.7565185185185,329.965095986039
41.734,656.43630017452
48.7982962962963,758.858638743456
56.8135555555556,1002.11169284468
62.7910370370371,1277.37172774869
70.8062962962963,1763.87783595114
77.7347407407408,1847.0959860384
82.7612592592593,2576.85514834206
