Study_days,Tumor_volume_mm3
19.9078748658296,1.05068429182053
38.8765585975482,2.20856539274052
54.8561412595791,50.7112324436944
68.9907734454956,238.936384209203
74.8228227297859,493.772119948421
79.8635674346621,860.079385035382
91.047012680662,1344.75915083157
101.764481041412,1758.85448471569
103.939039839245,1989.43029562843
