Study_days,Tumor_volume_mm3
10.7731302970532,8.18690124419546
19.8043952218927,70.0461117987533
27.7222165258616,121.595453927552
33.7842984617128,317.482954016985
45.7847463755407,549.454993596577
60.7543772783569,1137.11749386488
68.6721985823257,1425.79380978615
76.7137358441692,1987.68163899005
