Study_days,Tumor_volume_mm3
7.96541594648849,0.863523450466422
18.8931668978988,2.66338935358689
139.098427363412,260.044213499819
204.931463582883,553.42235570846
215.592684023283,719.010018795546
226.786965485704,997.989233779224
