Study_days,Tumor_volume_mm3
6.68278667355372,61.5205893614986
22.6687112603306,85.0336242381698
36.7515495867769,414.216112511567
50.7075154958678,958.934753821118
60.7304364669421,1429.19545135454
70.7533574380165,1562.43598232235
