Study_days,Tumor_volume_mm3
7.47527930774295,2.78728316618653
149.519387372515,74.0875834462221
162.34620789737,138.437282612675
178.671252201731,169.213225692283
186.445082822855,191.59572975018
222.593395211083,552.513607683765
229.686645611416,1296.33552852327
