Study_days,Tumor_volume_mm3
145.139586826889,3.81231440566458
159.844579973142,3.81231440566458
163.905373059555,32.703986389092
170.796415872861,98.7420937797834
177.81051302212,259.709980544593
184.824610171378,457.824302716667
191.838707320637,1308.06493537182
198.852804469896,2925.99856644376
