Study_days,Tumor_volume_mm3
14.9409294174523,55.0373240640493
28.8567004876137,216.139631726202
42.8976736348618,1193.51833777951
48.9238423675863,1926.5523673195
53.8102791878173,2555.7496153627
54.8897494129836,1574.2414383933
