Study_days,Tumor_volume_mm3
3.29768813713006,2.85750796209637
38.2964865274845,2.85750796209637
59.2957655616971,2.85750796209637
154.534919969389,109.478826721189
161.322565717821,174.378759878897
167.261755747699,336.628592773169
174.26151542577,559.142649313883
180.624933314926,832.649510478512
187.624692992997,1796.87708882161
194.624452671067,3433.28254629812
