Study_days,Tumor_volume_mm3
163.125005847701,1.73215641609738
175.169649893662,1.73215641609738
184.161884147153,1.73215641609738
189.19423542663,1.73215641609738
202.806333149806,51.4664009111619
209.736128354331,98.0922551252849
216.665923558857,284.595671981777
222.770743143796,589.217919514047
229.865533472239,1499.97627182992
236.877826238723,2301.94096431283
