Study_days,Tumor_volume_mm3
13.3188864680157,15.2210763143803
37.5488659341348,60.6421749733214
82.1073874947098,749.528837967261
106.132028151794,3111.4259682322
