Study_days,Tumor_volume_mm3
103.032184185149,1.13397208684107
116.034348776134,1.13397208684107
119.965235745502,13.0136796632697
132.967400336486,13.0136796632697
148.086196372515,71.1762479692806
154.889654588728,134.054700191995
159.878857280617,196.93315241471
166.984691417551,211.08080416482
176.055969039168,240.94806897061
181.952299493219,423.295580416482
187.99981790763,663.805660168365
