Study_days,Tumor_volume_mm3
62.0676569131115,5.10894064613011
69.1048469957561,5.10894064613011
75.5714540987268,41.2857635998126
80.6116037525128,86.5067922919156
87.5536966718785,195.037261152963
95.5418583873129,344.266655836903
101.532979673889,525.150770605315
108.570169756533,1031.62629195687
115.607359839178,1153.72306942555
129.681740004467,3084.66099457835
