Study_days,Tumor_volume_mm3
25.9141424565678,16.2749368299282
49.8777983618854,903.486470941767
59.8935678579159,2000.64882610297
68.8706649617656,2000.64882610297
74.8801266593839,2955.58643152106
