Study_days,Tumor_volume_mm3
5.83729021694638,18.2572809440117
36.8043389275481,654.263432086367
39.8876381498158,926.837496861662
48.8694228407696,1552.15446899322
56.9128121162505,1814.03935475772
64.9562013917315,1418.53973135827
70.8546868604175,969.594212904845
81.9813753581662,1226.13450916395
91.9015554645927,2412.63337936229
