Study_days,Tumor_volume_mm3
12.5902485355374,65.663819013636
28.8047989410906,11.9186864275034
40.717529851293,88.9385706459779
48.8248050540696,96.6968211900918
55.7738980850209,88.9385706459779
63.2193549038974,282.894834248826
76.290267985925,337.202588057624
82.9084518249263,337.202588057624
89.8575448558777,647.532609822182
97.1375470787791,492.367598939903
104.913913089606,1966.43520232155
