Study_days,Tumor_volume_mm3
11.1746822088415,13.5119236883938
20.2665865423009,9.80620580012058
25.0265328776094,35.6600515322625
32.2274773335889,177.856203059043
38.1688667593021,178.459459459459
45.2868172791788,649.688887670632
52.2322705985281,908.22734499205
59.2167798878081,1173.14308426073
66.1573512109161,1509.32925826435
73.1141958548285,2420.67732032235
79.2166911565061,2265.5542459295
