Study_days,Tumor_volume_mm3
0.222501828192879,5.28306925405014
12.1971652256205,5.28306925405014
16.1417602271261,0.547445255474522
23.0448014797608,0.547445255474522
30.0887211253065,0.547445255474522
37.1326407708522,117.157735445968
44.0356820234869,222.106996617412
50.0934529186562,420.34448994125
58.1235213145782,776.005875022254
65.1674409601239,950.921310307994
72.0704822127587,1114.17571657468
79.1144018583043,1703.05768203668
