Study_days,Tumor_volume_mm3
3.38964585518096,3.7101921876085
11.3431022544243,3.7101921876085
18.3927567901173,3.7101921876085
27.4307754256211,3.7101921876085
39.3609600244861,3.7101921876085
52.3757068596116,3.7101921876085
56.3524350592332,3.7101921876085
77.320638293602,149.134461944078
84.1895324565849,435.438493027129
91.0584266195678,558.14022063415
101.181007491332,976.234996184001
115.099556190008,1926.03725803094
