Study_days,Tumor_volume_mm3
6.00800306359684,26.3952605636618
16.6864005588083,7.86467470859792
28.6635220737077,34.0085795130528
33.7141154836051,68.2685147853125
46.9899610181924,308.08806169113
54.7823051363197,426.094505406691
72.9644414119501,890.506961319545
82.9213255628905,1145.55314612414
