Study_days,Tumor_volume_mm3
13.4025622769744,0.435920713899015
83.0944820132865,703.747426553183
