Study_days,Tumor_volume_mm3
19.8415065735395,2.0213225241646
39.8303825007506,2.0213225241646
47.8259328716351,2.0213225241646
61.8826262656094,98.245508838414
74.7786752509069,121.810615690883
83.8059095406152,194.469695152663
90.7697759926758,353.534166406831
100.828694201208,832.691339073705
