Study_days,Tumor_volume_mm3
21.9274294019933,0.486508151123814
49.8555982025838,39.0757327040058
96.8252668039693,415.540378728834
102.834441115896,900.381210730506
108.843615427822,1841.54282579258
