Study_days,Tumor_volume_mm3
18.8409034120173,2.97138212090174
104.882280049566,516.394495612603
126.793438075278,1555.12625107961
139.886691041861,2309.57352610302
