Study_days,Tumor_volume_mm3
33.8574707409501,132.139294019695
43.8717862152712,171.629977606155
54.8323362225991,670.199857885217
62.7964768754056,1079.91570009474
71.7857049389695,1721.63930837472
