Study_days,Tumor_volume_mm3
20.8940546139165,3.622543008685
46.8617848700986,27.7442298343505
53.7983703494898,108.775059678859
96.8407725549423,242.08384426176
103.777358034333,383.23432205542
121.029891149742,1094.21450649756
130.990116453483,1102.05619970832
