Study_days,Tumor_volume_mm3
10.6103752473839,7.8405017921145
49.6516252958905,213.564183571666
66.5796673091102,649.214333222481
73.5948919272012,812.583139341536
80.6101165452923,1435.80488120312
87.6253411633833,2204.24333961497
