Study_days,Tumor_volume_mm3
18.8903214517822,1.63478133147261
38.8975703644453,481.46623581684
42.8990201469779,784.517680754966
48.8586262060691,1052.21312378364
54.9033694945758,1547.19715051592
61.7994850772384,1814.8925935446
