Study_days,Tumor_volume_mm3
11.8089285714286,37.5542770299605
25.9285700236035,29.7511383229817
54.8517857142857,5.32095817050181
65.2491837136113,4.42226621133798
125.966071428571,2.73737154436286
204.098214285714,940.087205094803
255.094642857143,1242.27456940223
262.1125,1504.17028513533
264.919642857143,1637.1327254306
