Study_days,Tumor_volume_mm3
2.94464152574638,6.45450993027851
9.36081113772645,6.45450993027851
35.3631827231194,6.45450993027851
45.3251302785621,6.45450993027851
64.2359459770297,6.45450993027851
85.5106136378058,69.3199969835531
93.2775557996764,178.286841209229
97.4987200180844,274.68058802425
104.59027590501,576.434925879968
110.668752379517,836.278939033503
118.604541110124,1247.0001211149
132.618806315238,2579.74844664432
