Study_days,Tumor_volume_mm3
8.32757803175225,3.64671626014621
85.4355389872631,55.8993637941005
92.9321463023822,118.602540834846
108.139549713052,277.973115813406
111.1381926391,317.162601463872
124.417897025882,784.823796892762
130.415182877978,1155.81759438384
