Study_days,Tumor_volume_mm3
8.9187867553945,15.1246437461669
20.8775622667346,15.1246437461669
33.857208858311,124.767848767993
47.8577265301238,419.670262274974
54.8579853660302,563.340668855298
61.8582442019366,650.299072838126
69.8793741180793,797.750279591616
75.8587618737493,1005.69428911577
89.8592795455621,1591.71831595656
