Study_days,Tumor_volume_mm3
12.8805846237016,7.17777594456326
21.9015780463632,7.17777594456326
27.8031625284782,74.6121927074736
34.7164472075273,184.193119947203
41.8826569358098,656.234037287576
48.7116332651144,841.678683385579
55.7092262939079,917.542402243854
64.7302197165695,1249.09495132816
