Study_days,Tumor_volume_mm3
5.90669748793061,11.6327799312514
16.8537353735374,175.195275360199
32.0013808199002,2267.66949462444
