Study_days,Tumor_volume_mm3
8.07752104043977,46.9175952938923
16.3178758414361,84.5090630828821
24.5582306424323,284.996891290831
32.641626304362,635.850590654741
40.8819811053583,1519.25008369601
