Study_days,Tumor_volume_mm3
23.9878818105842,54.2289450991664
40.7897716550293,194.021270480023
63.0304235300461,1193.74820350676
67.9835818078883,1507.22190284565
