Study_days,Tumor_volume_mm3
10.6208198782134,2.85325981739754
62.6963285914522,1168.84568623048
70.6767312254291,1625.35176910627
73.6524745804713,1752.15901434955
75.6813905043637,2142.72532969884
