Study_days,Tumor_volume_mm3
25.4715608365879,2.02228507375157
53.3735316736282,2.02228507375157
82.5101029901835,2.02228507375157
118.31351689612,76.9420009056559
133.622562842107,96.002345797237
152.388490130736,161.352099711229
167.203695884916,339.702469768167
180.290460967776,573.872421293306
