Study_days,Tumor_volume_mm3
2.03685732158857,10.6541517475204
20.4198691396013,3.64941458854835
34.5947216257798,3.64941458854835
62.2799803878472,140.241789188504
77.3407611544119,245.312846573085
83.542259117115,150.748894926962
99.2674860939693,371.398115434583
113.220856510051,623.568653157578
126.288298645747,788.179976393422
140.463151131926,1257.49736604455
154.416521548008,1810.87160160335
165.490625052835,2479.82400028518
