Study_days,Tumor_volume_mm3
1.17385155837888,6.91878929288991
19.2582296097599,6.91878929288991
34.549085848326,79.0880808866419
46.4583104187477,193.709896947307
61.3080842658167,486.632315769006
74.5405560107296,1140.40119255947
83.6562587683364,1934.26340009074
