Study_days,Tumor_volume_mm3
11.6226020060376,11.5198215083526
31.6083195377674,5.09608364480387
49.8931249391372,177.980445466334
66.689632226442,303.243333805533
81.3599993507969,759.328722117491
101.770944915117,1032.33758131831
117.929610153537,1192.93102790703
122.607118512027,1231.47345508832
126.859398837926,1128.69364927154
