Study_days,Tumor_volume_mm3
12.6314701077403,1.1871419715742
24.6527390036603,32.0782266436634
38.3671443637943,185.930556489137
49.5418450276072,418.7881367958
59.5313501664702,664.120230333177
66.6425233161693,730.650967563652
73.5843828194471,817.972560178651
84.5897698368385,909.452323870554
96.6110387327585,822.130731255555
105.584661993093,1662.0812887903
