Study_days,Tumor_volume_mm3
0.233728483945715,3.63505357767889
18.8731483780205,3.63505357767889
27.139244041708,45.5474492733989
36.7604373551804,98.2429880424109
54.7832360973187,453.059615753757
63.8623903508772,456.572651671692
70.7733883647799,698.972130009146
83.1047769778219,807.876243465104
88.9316968718967,1152.15376342265
97.0622827706057,1721.26558212798
