Study_days,Tumor_volume_mm3
59.8814564883067,34.3767451136816
68.7910126213077,99.320616559348
74.834922044864,198.975867570802
80.7746261335313,298.631118582255
87.8084862385321,475.547182175623
94.8423463435329,710.688785685794
101.876206448534,719.64656105761
