Study_days,Tumor_volume_mm3
106.062518794963,0.758914916968071
125.860651250299,353.85507187708
129.860682093316,654.362439502708
137.901148131299,1598.45641945989
