Study_days,Tumor_volume_mm3
5.72749171936163,10.2887840332098
13.6166817223728,40.865705728999
27.8172237277928,407.78876607847
41.7547927331125,952.057972263519
48.7235772357724,1453.51948807446
55.8238482384824,1936.63485086793
62.7926327411422,1979.44254124204
75.8097962461106,2597.09635949698
