Study_days,Tumor_volume_mm3
5.66842652368968,22.7792230410033
16.7774100010942,22.7792230410033
27.7669420432578,169.17289823049
44.7290458474669,665.865724766248
79.7283163730532,2239.59773305323
