Study_days,Tumor_volume_mm3
4.9132309408383,19.119943095936
11.9384143463898,98.7891882279712
17.9332375191271,417.466168756112
24.8647518126046,1134.48937494443
33.8569865717105,1886.92113452476
38.8214495116336,1408.90566373255
46.8769931499993,2471.16226549302
54.838867676291,3772.4266026496
