Study_days,Tumor_volume_mm3
6.80915741089438,13.111070322609
19.581865220823,48.1069995493075
27.6915209731587,113.099439541747
34.7874697564524,433.062221042991
41.7820478428419,818.017442536674
47.8642896570936,1392.95056554672
54.8588677434831,1392.95056554672
60.8397388608307,1862.89590087667
