Study_days,Tumor_volume_mm3
0.696797773427945,18.2405709045054
14.8200850256912,142.137166112576
28.843207120137,767.251805571478
35.7546030095424,992.518342313424
42.7661640567654,998.150005731973
49.7777251039883,1296.62816691505
62.7991956202594,2406.06586036914
