Study_days,Tumor_volume_mm3
151.111017661901,2.69069510066834
183.750841042893,118.674179542843
200.855761143818,1245.88866896522
207.879520605551,1256.76212063168
214.903280067283,1215.08055591027
