Study_days,Tumor_volume_mm3
4.835637552064,11.1072959283076
12.7533609633387,59.9164718488219
17.834884943709,11.1072959283076
24.9253835209699,11.1072959283076
39.6972555569302,385.310977985584
46.7877541341911,705.2822423534
56.7144521423564,1263.87614455484
59.7870015258361,1974.32081628677
66.7593251268094,2256.32938827197
74.7952235143717,3194.55021429963
