Study_days,Tumor_volume_mm3
11.9110006544467,14.7007305506898
18.8191996278848,35.6880420387062
33.8046774010352,165.809373264408
45.8143156163969,526.79113085829
59.8432735316866,1286.53180672448
67.8142723471921,1559.3668560687
73.7659514627696,1773.43743324646
