Study_days,Tumor_volume_mm3
14.262241119188,3.81250886590553
22.4438054744597,24.5043535825034
23.4255931970923,24.5043535825034
49.1702490350138,102.375725315628
56.042763093442,215.643175109263
70.3332288339832,753.663561629032
73.169504477144,682.871405508009
83.3146442776809,1780.14982538385
90.405333385583,1560.69414140868
