Study_days,Tumor_volume_mm3
5.76372869245687,6.86055732807082
22.7989435541492,24.0635892517938
37.7749566193733,549.774081109493
46.7605644585077,1454.30536857053
50.7853679697867,2057.32622687789
