Study_days,Tumor_volume_mm3
12.9867413852419,0.293606473303264
53.9159805389222,977.201834862386
60.905127245509,1745.09174311927
