Study_days,Tumor_volume_mm3
8.55305298665857,2.86165021829205
22.4057667525773,72.069560112998
29.5555545027289,148.967237773782
55.6969659642207,333.521664159665
64.6342006519102,395.039806288292
75.5823131443299,495.006787247312
92.56305905094,1586.95381003045
127.641705200121,2478.96687089555
