Study_days,Tumor_volume_mm3
16.9619331086798,16.6809633554521
27.9610869468402,353.432040829116
36.9455442898921,846.701224734201
48.9792720039191,2203.19148047318
