Study_days,Tumor_volume_mm3
12.3301066520904,5.24129043725497
58.191014021127,5.24129043725497
73.1948911233427,5.24129043725497
81.4045597264418,5.24129043725497
94.4267926830818,5.24129043725497
102.353369265384,157.751955207964
111.412313930873,190.350604337007
123.302178804327,565.23506932101
131.22875538663,100.704319232137
145.383356426456,402.241823675792
156.42394523752,1062.36446853893
166.332165965398,1722.48711340206
172.277098402125,2944.9364557412
