Study_days,Tumor_volume_mm3
7.14461678832117,14.0651761683383
14.0712202345339,19.0734340592118
22.0951073949982,279.502844384634
30.0504143233218,1191.00578052361
39.9259677515855,2067.45091142647
