Study_days,Tumor_volume_mm3
6.92582861081529,24.250719309463
34.7608294011407,123.715233375959
69.7243060036225,767.617087595908
93.9950688878696,1563.33320012788
111.816258418261,2243.87987531969
