Study_days,Tumor_volume_mm3
13.9479594455852,60.7248423421771
19.4719400850689,54.7418832710977
31.9609397917278,341.923918682908
46.8516702112056,1023.98125278596
54.8974680991493,1275.26553377129
62.943265987093,1586.37940546742
75.9126118363156,2394.07888006314
