Study_days,Tumor_volume_mm3
6.24353727396551,57.4650980213678
11.2102452231185,57.4650980213678
26.2705854560342,57.4650980213678
32.358808103383,57.4650980213678
39.2481126780146,128.51304865607
48.2202302635814,281.539403869274
56.3912659218654,308.865538728775
62.1590557983012,522.009390632882
74.1752847075423,691.431426761787
89.235624940458,1292.6063936708
97.2464442132854,1440.16752191211
105.257263486113,2369.25610713514
