Study_days,Tumor_volume_mm3
0.394001227624857,4.85235827316042
14.3388797646499,4.85235827316042
32.2680093122535,4.85235827316042
54.1813898704358,4.85235827316042
88.7719327350044,9.68259333230928
104.165629821331,2217.10001536334
