Study_days,Tumor_volume_mm3
58.0297080211657,3.1530619431628
84.5643723805427,285.45797091242
106.578316145359,1222.50677888509
120.631860602363,2444.41842448146
