Study_days,Tumor_volume_mm3
138.60190224713,1.34618782577996
179.663963899907,130.679533135163
186.816180541095,108.727851605758
192.637752225783,146.359305656167
208.605491703784,1184.3602465466
215.59137772541,858.220978109726
222.577263747035,1018.15465782396
229.563149768661,1375.65347130284
236.715366409849,2153.37018834462
242.869599333662,2140.82637032781
