Study_days,Tumor_volume_mm3
4.81686355107886,14.0775474157871
10.8201408433319,82.940830144245
17.8239643509604,69.1681735985534
26.8288802893399,243.621823177313
34.8332500123439,436.439014816996
42.8376197353479,991.936162159889
49.8414432429763,716.483031246058
56.8452667506048,1496.93356883525
62.8485440428578,1910.11326520599
