Study_days,Tumor_volume_mm3
7.19911376274328,15.5074017708908
23.8928116311399,78.9412700608741
58.740905931418,307.303195904814
82.7380966172382,548.351895406751
100.683821825765,840.147689540675
114.664793790547,1249.29614001107
121.759615384615,1331.76016878805
