Study_days,Tumor_volume_mm3
10.3377973993377,6.11817478075537
26.2945373963848,6.11817478075537
46.2404623926937,6.11817478075537
53.8389100103352,6.11817478075537
61.2473964375356,6.11817478075537
68.8458440551771,6.11817478075537
82.3330885764907,490.011947557997
90.5014197654553,500.199184879623
104.368586667651,800.722685867594
118.615675950729,1900.94431660322
125.264317616165,2130.15715633981
