Study_days,Tumor_volume_mm3
0.97743407707911,15.3551091426765
15.7581135902637,15.3551091426765
29.8744929006085,82.6993040177161
43.8247971602434,264.010597912053
57.7751014198783,662.895444479595
78.8666328600406,1590.17320468206
88.8311359026369,1890.63192027839
