Study_days,Tumor_volume_mm3
2.2872451213595,16.5419352899624
27.7893101856783,16.5419352899624
36.7421628146413,16.5419352899624
64.6859149595863,306.918083044046
99.6834297818961,941.80830440467
123.829002023645,1069.77067460139
141.734707281571,1478.26593330628
154.757038378244,1921.21259937184
