Study_days,Tumor_volume_mm3
8.25807084682564,15.403614600898
20.5983711117653,15.403614600898
35.7666568540869,160.070772080652
70.4737513492297,925.406701973544
78.4435286036699,1200.74096943501
86.4133058581101,1308.07466691999
107.494652144049,1485.40860189517
125.490923363752,1410.74168190562
139.373761161809,1732.74277436056
