Study_days,Tumor_volume_mm3
16.9491001124859,7.01017758418526
27.6324521934758,7.01017758418526
48.630764904387,167.495602278439
66.6819460067491,446.859119338806
78.6546681664792,910.48367956665
90.6273903262092,1385.99604903111
101.679133858268,1796.1254676942
111.62570303712,2146.81584017423
120.651293588301,2414.29154799799
