Study_days,Tumor_volume_mm3
13.8655224401165,64.1093009186967
27.9226606361314,64.1093009186967
37.8529325727658,243.803725432266
47.9121690800058,651.111087663024
54.8762558927105,794.866627273879
61.8403427054151,1076.38789234514
68.9333940887254,1321.97027251368
73.9630123423454,1914.96187340846
83.8932842789797,2460.03496109962
