Study_days,Tumor_volume_mm3
25.0203214765921,43.6744988716316
49.9401051216233,258.15301562016
65.8527380515829,1003.03110757113
