Study_days,Tumor_volume_mm3
11.9340671316478,0.823453035842461
31.8557261178229,4.40427785560545
67.904921615918,149.210156314614
75.9418525776304,166.545364320569
90.0607853482062,309.560830369697
97.0116445583359,517.583326441155
110.913362978595,924.960714581094
116.995364787459,1280.33247870317
125.002942458588,1844.94823521372
