Study_days,Tumor_volume_mm3
-8.17693394853889,91.2328788157979
6.69581618655692,43.4586327621157
15.7487945296587,38.6812081567474
21.7302266492081,38.6812081567474
30.6215446647545,19.5715097352746
36.7646371118593,19.5715097352746
42.7460692314087,72.123180394325
53.7389715051752,253.665315398317
57.7804796940599,282.329863030527
62.6302895207216,277.552438425158
78.9579826038159,1266.47933173638
83.8077924304776,1419.35691910816
91.7291484806917,2045.1995424114
