Study_days,Tumor_volume_mm3
0.133406072667078,10.6162203530457
13.7807623344893,4.52589906445817
20.8306076607819,4.52589906445817
27.8804529870744,4.52589906445817
39.7538766945145,7.65474351271689
48.8444667205233,7.65474351271689
60.5323681825347,41.1515105999483
74.6320588351198,80.7385989757673
86.8765270334174,281.719201499156
97.8223395137138,656.273960747289
114.890386093159,1280.53189282751
