Study_days,Tumor_volume_mm3
269.941862015628,2.2567755241207
271.001992803102,2.2567755241207
288.060460928828,2.46398445447905
293.071988287799,16.6262643902789
298.950895381975,30.7885443260788
307.913819312442,59.1131041976786
315.912987981567,134.645263855278
319.960760079197,205.456663534277
326.128793751776,455.656942400075
333.067831633427,823.876220730872
341.067000302553,1333.71829841967
347.042282922864,1730.26213662206
354.945076065855,2395.88929360466
