Study_days,Tumor_volume_mm3
13.9663255716822,94.2371096254237
27.0977863631617,899.065085325274
55.8228568445233,3033.60884696401
