Study_days,Tumor_volume_mm3
10.186862754898,71.9183768098605
21.4810950619752,82.6952704319737
85.3180602758896,217.406440708389
113.308114254298,632.316845159747
154.311088064774,1887.82495213593
162.413472111156,2351.2313778868
