Study_days,Tumor_volume_mm3
7.78213102988026,234.853409063725
34.6528262210862,145.316574225011
47.5685747384061,234.853409063725
56.3275306294622,378.112344805668
62.4142626893486,446.16033928309
76.517666242744,782.818838276655
89.2849578805545,1001.28871528312
106.505955903648,1552.8356178896
