Study_days,Tumor_volume_mm3
20.9961162556568,529.464956801363
28.0180306911744,1142.56789740808
33.0126978628815,1572.95804114525
