Study_days,Tumor_volume_mm3
38.8374229461154,66.9940883858409
45.8963027420555,259.655035685963
56.891865501116,681.809170211232
59.8783146455521,843.304376036335
66.891945212031,1268.29175978661
