Study_days,Tumor_volume_mm3
5.9068939904303,43.5801018409714
11.9196716982901,55.3086005259918
18.9022522622564,108.086844608584
25.8848328262227,225.371831458788
32.9967204376698,864.575009792401
41.0137573814829,1738.34816182642
45.9920787094959,2530.0218230653
