Study_days,Tumor_volume_mm3
5.96391364195346,1.07833079371791
14.8745587291399,30.6450596869191
25.8227562045357,135.035749157454
40.8874759306804,280.274969290371
47.8067367351305,570.753409556206
56.8280514548567,1056.39705187565
