Study_days,Tumor_volume_mm3
4.05318630824449,67.1276040135439
10.8319657811987,135.998422805676
17.6107452541529,222.993141279948
24.3895247271072,592.720694795604
31.1683042000614,871.82874990056
38.0060295814761,1270.55454290764
