Study_days,Tumor_volume_mm3
169.462842651854,2.51532318613077
291.208525540394,401.658043819535
308.166863905325,605.521261347348
329.428064243449,1122.69005528633
