Study_days,Tumor_volume_mm3
192.855952965192,6.40892514475121
196.856965813751,6.40892514475121
203.781795743948,84.7614617167446
209.783315016785,136.996486098074
217.708398159122,184.878591780958
224.710170644099,419.936201496939
231.711943129076,689.817160800472
237.790404956693,1101.16797780344
