Study_days,Tumor_volume_mm3
192.792424883623,7.09161713465846
196.783961066441,7.09161713465846
203.685992382565,87.6409100225453
209.673296656792,138.655462184874
217.739526026238,186.985037917606
224.72471434617,420.577987292478
231.709902666102,691.760606681697
237.780363944139,1099.87702398032
