Study_days,Tumor_volume_mm3
4.79766575433703,18.2740769848455
19.1122217481346,9.32155609847763
34.142505541622,9.32155609847763
68.0202880602762,519.615246621448
105.71528551061,1217.91187575815
147.227497892623,4601.96477080521
