Study_days,Tumor_volume_mm3
140.84605915715,29.585944521737
146.823169460057,47.7308824072592
153.839777206948,132.407259206363
160.79141636359,247.325199148004
167.808024110481,797.721648342177
173.785134413388,1596.09891530516
180.866710750528,2842.05131677768
