Study_days,Tumor_volume_mm3
265.902798263952,43.9899636265663
272.853359084012,112.375387309713
286.858739136433,1036.68159773676
