Study_days,Tumor_volume_mm3
3.27389067292265,3.13631225981465
61.5679309128273,129.531911687137
68.7028785463572,566.231482179188
75.5342113869711,690.607942129455
84.4908477779981,814.984402079723
91.47398801507,853.679300730917
97.6980912698515,1287.61494989074
