Study_days,Tumor_volume_mm3
7.14727382180942,5.50064288010366
24.1341535517716,5.50064288010366
34.6959440574475,173.935229829638
44.5536151960784,500.277242044359
50.7146596577227,1795.1181292189
58.6360025369797,2289.89472838316
