Study_days,Tumor_volume_mm3
13.0881400980724,6.9133153403842
27.9646467218922,1.05722539799526
42.0222630728412,1.05722539799526
56.7742983751846,30.4313725490194
64.7852289512555,127.572192513369
68.790694239291,75.2655971479499
74.7118168389956,202.295900178253
81.6778434268833,366.688057040998
89.6887740029542,1592.1568627451
98.7446085672083,508.663101604278
104.665731166913,1569.73975044563
109.716100443131,2967.07308377897
