Study_days,Tumor_volume_mm3
83.002886516271,3.14845844275166
89.9747295131236,183.363093495697
94.9649869765578,851.362625139043
101.992686836305,2541.30173877408
