Study_days,Tumor_volume_mm3
2.51775803635345,10.119559478012
16.5326724094664,113.876065474844
30.5475867825793,383.642981066607
37.4685321520178,549.653390661538
44.5625011556922,1006.1820170476
51.4834465251307,1172.19242664253
64.4602190928278,1407.37384023535
77.436991660525,1801.64856302331
86.434220640795,1794.73146262352
97.5077332318966,2790.79392019311
