Study_days,Tumor_volume_mm3
173.967297233112,39.583253419257
179.067371592975,39.583253419257
186.105474209586,33.4415902688097
193.041575338999,45.7249165697043
201.099692827582,39.583253419257
207.933792469799,82.5748954723881
213.951880214437,140.920695401638
227.824082473264,389.658052994753
234.964186577071,647.60790531354
242.002289193682,850.282789278301
248.938390323096,1080.59515742007
256.078494426903,2047.90710361553
