Study_days,Tumor_volume_mm3
4.01707023612573,12.0324629498942
19.9758610317341,12.0324629498942
32.9793201985261,12.0324629498942
46.9678899082569,12.0324629498942
57.0160174462325,12.0324629498942
68.049255527147,147.624088449777
73.7628966761919,246.236179722418
81.2497368025267,246.236179722418
86.9633779515717,418.807339449541
94.2531959693187,357.17478240414
103.316212964356,1010.47988708539
108.24176567905,1762.39708303929
115.137539479621,2674.55892731122
