Study_days,Tumor_volume_mm3
1.53012597125932,6.67641077783455
13.4672265389304,6.67641077783455
39.59979805194,6.67641077783455
50.5690256006108,6.67641077783455
67.6681156029504,6.67641077783455
81.5409622086222,6.67641077783455
94.7685601349604,13.752541942044
111.8676501373,134.046771733605
121.86900466697,417.092018301983
137.032348631309,579.8430350788
149.937322217981,940.725724453483
164.455417502986,3176.78317234367
179.296137127658,2808.82435180478
