Study_days,Tumor_volume_mm3
16.8372878117785,7.40001024222895
31.8804977886898,30.935188639905
44.660569981464,136.356985565773
61.9669177425124,1449.33754727886
69.9544628629963,1803.9381369386
75.9451217033592,3222.34049557755
80.7376487756496,3222.34049557755
87.793313632077,3088.16729949008
