Study_days,Tumor_volume_mm3
18.9237784262613,5.4849507298366
45.9744807577943,532.020620017276
56.0398583695276,1381.07400565603
