Study_days,Tumor_volume_mm3
9.98159318564012,14.4206660164109
19.4274477137495,64.9532697405042
28.9599614577132,180.456363967003
38.4058159858226,314.006816666391
48.0249889456404,609.983495621794
57.4708434737498,996.196966941648
67.0033572177134,1266.907344035
