Study_days,Tumor_volume_mm3
5.95989703292238,5.16031591202306
12.7042406178025,8.02995500456232
19.8922910174773,5.16031591202306
33.7359436390733,83.8740127749282
36.9306327055955,169.610773732733
41.9888903942555,482.879708001636
47.9345617125051,726.899719958466
54.9451293862621,1050.06135741481
61.955697060019,1366.62785941286
