Study_days,Tumor_volume_mm3
13.924360980699,4.89057239057235
34.7117875035448,144.527333218608
48.7458802029177,326.002122411518
60.8537248847297,517.9971892388
70.7601432607577,741.553088969196
77.7771896104442,1188.66488842999
94.8382434802701,1288.60752595652
102.818413838737,1036.1208627316
