Study_days,Tumor_volume_mm3
1.17179994620143,1.45471752413004
14.0085213080736,34.0706078986983
27.0969430888061,211.69723501284
40.0595146601084,465.449559461613
51.1343330899589,810.552720711945
55.0356895822926,1373.88288098822
60.9506494255082,896.828511024528
68.2499615724551,1739.28622819446
