Study_days,Tumor_volume_mm3
68.0375688396691,0.18088542134643
95.9097494568744,837.798163758066
102.872231470248,1231.06606432432
