Study_days,Tumor_volume_mm3
42.9933613217323,574.97143300902
45.9559922860573,862.727010505996
53.955095889735,1226.05475987087
