Study_days,Tumor_volume_mm3
14.9064832261094,14.3745516206874
23.8753798102222,101.519924346181
29.8886172927523,224.975869040631
36.9210475689317,293.965955781647
42.9342850514618,569.926302745712
49.8647960482762,834.993478119089
58.833692632389,987.497880388704
64.8469301149191,936.663079632166
70.8601675974493,1572.09808908889
