Study_days,Tumor_volume_mm3
6.19125783392087,70.2450470243601
12.8057187622405,70.2450470243601
21.8254382099491,176.912291859389
29.8429666079123,291.784709374036
35.8561129063846,414.862299568301
47.8824055033294,1087.68645929695
57.7038777908343,1407.68819380204
62.7148330395613,1752.30544634598
70.7323614375245,1653.84337419056
77.7476987857423,1054.86576857848
91.7783734821779,1858.97269118101
107.813430278104,3631.28998997841
