Study_days,Tumor_volume_mm3
33.7421050236622,9.76222856378441
61.4609801601747,250.710638961965
67.5710547870404,258.012105943728
83.5168593010557,436.898046996923
92.4584319257372,641.339122486289
98.2704541317801,710.703058813038
110.639629595923,725.305992776564
117.494835274845,940.699268738574
124.64809337459,1543.07029473403
133.440639788861,1751.16210371427
145.511762832181,1977.50758014893
