Study_days,Tumor_volume_mm3
9.96701586249,18.916004397412
25.9690263041556,714.806438348117
31.9603003557745,1648.15711516352
