Study_days,Tumor_volume_mm3
0.117157367870431,1.66377986744377
29.2953032884782,7.87996014942159
36.5947460791049,3.10809014098869
43.7868441228106,60.3705302421817
51.0862869134373,184.439150461433
58.6004191979059,275.104680621654
65.7925172416116,432.576390899935
72.8772705383963,1138.81315214798
