Study_days,Tumor_volume_mm3
5.90485624301536,11.7862901426937
12.4262419993904,66.8882919399138
20.6777913237834,43.9291245244054
29.461698669105,94.4392928385238
35.5838159097836,177.092295534354
44.6339022655695,149.541294635744
50.622930001016,140.35762766954
56.7450472416946,677.602145192436
67.6583866707305,1357.19350069148
71.784161332927,1338.82616675908
76.7084730265163,2133.21335933567
