Study_days,Tumor_volume_mm3
13.0871301410829,15.5620549540201
20.0732805786885,5.72609943754217
37.9238167639978,2.15919964525492
54.0089153046063,5.72609943754217
65.7784996026124,5.72609943754217
81.791114003917,15.5620549540201
110.750642085635,204.408083896365
135.715752500909,923.475655638371
146.700401083629,1994.81370444591
