Study_days,Tumor_volume_mm3
18.8783771033572,350.500628550573
28.8900220733012,1146.85761578418
34.8846489997492,1590.19037156371
46.8739028526452,3396.36085807291
