Study_days,Tumor_volume_mm3
152.303171542976,6.85558181384551
160.296222537658,6.85558181384551
167.290142158005,6.85558181384551
175.283193152687,6.85558181384551
180.278850024364,6.85558181384551
188.271901019046,6.85558181384551
193.642232156098,55.1395182446935
201.635283150781,146.878997463305
208.504311349336,340.014743186696
214.623991017139,441.411009691477
222.617042011822,808.368926565921
235.730641299972,2527.27706350411
242.724560920319,3106.68430067428
