Study_days,Tumor_volume_mm3
6.86421098517873,14.3969144460033
11.8894943330427,7.04768583450258
18.9705754141238,14.3969144460033
27.8790322580645,36.4446002805054
32.9043156059285,91.5638148667606
39.9853966870096,143.008415147266
50.9496512641674,374.509116409538
54.9470357454229,411.255259467041
61.9139058413252,653.779803646564
67.9670880557977,793.415147265078
74.9339581517001,1362.98036465638
82.0150392327812,2362.47545582048
90.0098081952921,2377.17391304348
