Study_days,Tumor_volume_mm3
315.962084290961,6.45861833105419
335.530776582226,118.462722298222
361.456177834349,786.007181942545
375.416009277799,1175.78146374829
389.625123425597,1767.16313269494
405.703857856,2734.87859097127
