Study_days,Tumor_volume_mm3
118.171275492568,12.9029658284984
132.118043553405,135.372340425532
155.121154510888,1550.10477111541
