Study_days,Tumor_volume_mm3
4.87408524171629,67.380559530415
10.8538587668233,45.5746429927284
17.8139230337511,52.843281838624
24.8720163748611,71.0148789533627
32.8123713836097,118.261031451684
45.7522091756446,459.887057208772
52.8103025167545,917.81130450019
60.7506575255032,1437.51898198172
66.7304310506102,1499.30241217183
