Study_days,Tumor_volume_mm3
4.03405583373345,82.8802656152729
18.0365022749617,150.840423324341
25.0002857992089,383.846678326861
33.0123808217299,791.60762458127
39.0027322404371,1262.47443156553
47.9882593684981,2150.81077876264
