Study_days,Tumor_volume_mm3
11.8784775235561,13.2650509583415
19.8788265027918,92.9465951177316
25.8790882372186,115.080357384229
32.8793935940499,247.882930983212
41.8797861956901,442.660038928388
49.8801351749258,672.85116649996
57.755478701361,947.309818604526
64.7557840581923,1274.88950014868
71.7560894150235,1841.51381417101
76.7563075270459,1257.18249033549
89.7568746183039,1859.22082398421
