Study_days,Tumor_volume_mm3
4.92202321691186,26.9641874916375
11.9197945146634,572.25385404433
18.917565812415,1639.46363001174
25.9153371101666,3314.28189156644
