Study_days,Tumor_volume_mm3
26.9074120809095,227.250127952036
34.944384156267,414.98135556043
39.9464157276433,867.068801637786
47.9271852010751,1430.26248446297
53.9408636071118,993.500036557725
