Study_days,Tumor_volume_mm3
97.1790572397871,3.75538736465871
144.603212625053,72.6085356880057
158.234107586087,268.840008409545
172.574944993009,1036.55261221486
184.501978083914,1707.8708083675
