Study_days,Tumor_volume_mm3
14.9697793626641,1.24100334338011
25.6356049327305,1.24100334338011
46.5908151703905,271.797849037337
64.6599784890913,1064.48194080735
76.4551267665765,1316.05234118945
88.6267159465347,2061.27031967983
