Study_days,Tumor_volume_mm3
27.8588519566242,97.5409836065577
33.8035714285714,295.503609255886
41.8328029231495,561.515887472172
47.7775223950967,641.938204142212
58.6633074021688,1167.77642852324
67.7733969825554,1774.03696957431
73.8725247524753,2683.42778115091
