Study_days,Tumor_volume_mm3
17.8873683633172,0.175068875059075
67.9041276632051,106.227293182741
75.8211193587181,293.15036166266
87.7431774413729,526.08526238379
93.8904886402418,789.215428013215
