Study_days,Tumor_volume_mm3
26.9350586594057,60.1261049759986
37.9552112747076,517.576331873147
46.9772043498723,1252.07387928547
60.9643211308323,2779.05562259004
