Study_days,Tumor_volume_mm3
21.3287671232877,14.2132477271055
35.7209118687129,1.37231357365104
56.5895217495794,1.37231357365104
70.9816664950046,1.37231357365104
84.6542040031586,1.37231357365104
105.44284020276,13.3842619433685
128.385465396594,222.956319002427
155.424987946469,666.469276964622
177.548233669095,1256.19529799128
200.490858862929,685.964352039883
245.556729779388,2006.75568838883
266.355031414152,2278.49797011951
