Study_days,Tumor_volume_mm3
36.8340590906963,93.3034719436644
39.7782928313902,198.88428340093
46.7708479655382,341.929253762387
53.7634030996863,372.58174741127
61.7987076836634,880.050808931675
67.8098515709135,1295.56238950543
