Study_days,Tumor_volume_mm3
15.8650392480103,1.2198099319309
28.8707190191819,1.2198099319309
35.842836009913,13.6310799189585
44.6920614212256,78.7902473508532
50.725624201666,97.4071523313945
56.7591869821064,165.669137260046
62.7927497625468,268.062114653023
77.6755379542998,323.912829594647
84.9158132908283,662.119936741149
92.6924053189515,854.494621540076
98.8600472722906,1313.7116110601
