Study_days,Tumor_volume_mm3
13.4486988329739,61.4273872991359
26.4590792772899,68.8308874781009
56.5688168769928,76.2343876570659
75.526799810139,54.0238871201709
179.609843364667,246.514891773261
234.996891541898,2075.17943597762
243.17484496404,3185.70446282237
