Study_days,Tumor_volume_mm3
14.1400077895988,0.562726718408612
27.1371584363405,0.562726718408612
35.6229014205768,66.0891268176221
40.4565524875469,143.529417843965
48.6200520673185,197.141927016049
54.5278478158375,292.453054433087
62.4765184592993,420.527381899732
68.5991431441281,700.50381868728
76.6552282557448,900.061491716703
82.6704384724186,1168.12403757712
90.7265235840354,1835.30192949639
97.6010495459483,2016.98876613512
