Study_days,Tumor_volume_mm3
8.86883095216429,16.6152263374486
21.7832605332605,16.6152263374486
29.8547790214457,56.4347175458287
36.808702642036,87.0650953984288
44.0109806776474,203.460531238309
48.8538917705584,246.343060231949
55.9319925986593,381.11672278339
64.8727515394182,430.12532734755
71.0816119149453,699.672652450431
77.0421178754512,926.337448559671
