Study_days,Tumor_volume_mm3
9.27095689380196,8.63420922981697
16.2977680618409,10.445038604416
23.3245792298798,4.08528932633834
30.3513903979187,10.445038604416
37.3782015659576,10.445038604416
51.2604382637906,34.0732063421276
66.3423744293376,205.786436850224
101.133658993042,1668.52877080808
115.18728132912,2679.72890602243
