Study_days,Tumor_volume_mm3
12.3624027439999,0.394968939335665
27.2131396126232,0.394968939335665
40.3503299194822,0.394968939335665
54.2490964760142,3.74389651558129
61.2936767854893,100.862796226704
68.3382570949645,3.74389651558129
81.2850533394053,285.053812920214
89.2816039609716,479.29161234246
95.5646080207738,760.601528747092
102.228400205412,884.51184906818
110.415344889397,1825.5604979932
