Study_days,Tumor_volume_mm3
5.2341885705195,3.18505772272898
11.2257835009634,3.18505772272898
19.2145767415552,3.18505772272898
26.7691964364626,58.161539497156
31.7187748572641,118.925019353102
38.6655515882135,295.42846083942
45.7859977374366,555.843374507758
52.8196091775229,1073.77970280368
60.7215677089778,1270.53763757531
66.7999973485585,1973.65790447982
