Study_days,Tumor_volume_mm3
19.9215616014479,54.1077063178165
30.9005290966678,516.325477927463
39.923473647337,1051.17747079005
53.9311218308934,2807.60500290671
