Study_days,Tumor_volume_mm3
12.7699033074282,236.948328311665
18.741161320845,156.960249472088
25.6873186017584,225.521459906011
35.8018985020359,116.9662100523
42.6261933745123,185.527420486223
49.5723506554257,311.222972948415
57.73713202071,208.38115729753
64.5614268931863,339.79014396255
83.6938250178076,2316.63837814066
