Study_days,Tumor_volume_mm3
32.884788152785,525.125782787619
59.8395206630731,1305.17230273752
69.9000898394482,2445.24029343353
75.8794847272938,3577.80783682233
