Study_days,Tumor_volume_mm3
6.95217832926127,8.14304130081754
14.0891108226687,3.53681169843325
32.8450599829797,97.8100413350416
47.8053916051281,318.988641419461
51.8331731957065,408.655641453685
58.737941636698,641.789841542667
66.7935048178549,1042.30244169553
72.6913278612018,1478.68184186209
79.7399456447141,2010.70604206515
86.7885634282263,2363.39624219977
