Study_days,Tumor_volume_mm3
4.86490976442789,11.8771571497226
11.8398254104197,11.8771571497226
18.8147410564114,198.598944908034
25.8707603727054,417.514144348814
32.8456760186972,816.712449211412
39.8205916646889,2220.345198567
46.7955073106807,2677.49164445804
