Study_days,Tumor_volume_mm3
5.94104722180843,0.451920662816099
11.8766696459606,0.451920662816099
18.7067009285466,164.900828521214
25.7806618997964,309.615867436605
33.8303416257014,585.890032638714
40.9856124931725,1256.84157670098
47.978263568201,2592.16670851117
