Study_days,Tumor_volume_mm3
5.910016757535,66.8366643437164
10.8570299039392,66.8366643437164
17.8137671410701,169.357002575119
25.852663503977,396.366322944655
31.8818357761571,542.823948989516
38.838573013288,828.416319776996
47.8050343411457,1157.94597837793
55.8439307040525,1238.49767270261
61.8731029762326,1428.89258656093
73.9314475205929,1655.90190693046
88.9270811206306,2849.53155919609
