Study_days,Tumor_volume_mm3
24.0062717614499,0.356740282304776
34.9414561199893,0.356740282304776
51.9833018735572,0.356740282304776
65.900809238971,32.0998944587238
70.0192552960833,56.7890143737164
76.9780089787901,130.856374118694
83.9367626614971,233.139870909378
90.7535009629242,497.66615571287
97.8542700269109,737.50332060137
103.960931421939,1033.77275958128
111.913792773604,1492.284986574
