Study_days,Tumor_volume_mm3
7.74591868566081,43.9252882004467
24.7206669279561,75.0068731240138
32.7365202645955,123.35600522734
50.8114836707433,216.600759998042
58.9845106022188,479.067477130386
65.7429751801697,541.23064697752
78.9455571463994,755.348232006538
83.9751121811536,1038.53600575459
92.9340070868094,1269.92113796337
