Study_days,Tumor_volume_mm3
18.6590209115095,12.5922739288741
38.5722329352552,84.9508881810993
52.5927597683007,204.662950770612
62.9557578622908,368.712814319204
83.8849500913296,625.872059881861
95.0607323495543,1060.38250928083
110.706827511069,1109.15409033582
127.165706836818,1645.64148194067
