Study_days,Tumor_volume_mm3
7.085461513943,50.8090480274442
32.9994695202585,62.264644390517
52.9495688900283,72.535318275154
68.9096483858441,87.9413291021093
84.0717239068691,78.6977226059361
102.957817976918,93.0766660444278
122.641916021757,174.214989733059
130.621955769665,148.538305021467
136.739986243061,171.133787567668
159.882101511994,363.195389210379
173.980171733298,484.389341049095
