Study_days,Tumor_volume_mm3
268.163895428229,0.520149730832225
284.190736587144,0.520149730832225
293.013593588769,0.520149730832225
303.779098003596,92.7001701075994
308.716660178818,199.237678494378
313.735165996256,572.118957848105
320.858206511329,1406.66277354454
329.842950797388,2725.06443983093
