Study_days,Tumor_volume_mm3
159.827196504786,0.884217230001437
174.807734803142,0.884217230001437
203.755634896583,816.260728146211
218.808542945173,1386.67433878716
231.835097987221,2352.52805987246
