Study_days,Tumor_volume_mm3
14.8265910051706,3.65053322395407
30.1626776364996,3.65053322395407
52.5278039738545,3.65053322395407
96.4912523169978,537.905777569436
120.645588761341,1360.78167115903
142.627312932913,2066.98113207547
