Study_days,Tumor_volume_mm3
241.011004601227,7.45460304054024
266.819210122699,83.7975084459457
281.727492331288,694.540751689189
295.791909509202,1686.99852195946
306.832476993865,4009.09522804054
310.770513803681,4295.38112331081
