Study_days,Tumor_volume_mm3
5.7405140758874,1.5117605131866
13.7313642474467,1.5117605131866
18.7782169873789,76.9201710620094
28.766779701828,371.039914468995
35.81134498465,710.911617961511
48.7439051307262,1906.99857448325
55.7884704135482,1625.95081967213
61.7816080422176,2299.15823235923
