Study_days,Tumor_volume_mm3
16.0242235280009,15.469250583308
32.8331934284686,112.680076204611
44.7722748530999,239.801925094007
59.8532198105288,430.484698428102
69.7500899388416,946.44984980271
80.7466123036335,1398.85407673262
84.6739417196306,1234.34344875811
91.7431346684254,1107.22159986871
100.697445736899,1615.7089954263
