Study_days,Tumor_volume_mm3
21.0880001249336,5.44853398383352
55.6959167525585,168.360477352083
68.4650446117167,489.093365858325
80.5181466096137,906.555220739466
86.7237040738774,1400.38204907447
94.7193261912942,2489.85567034964
