Study_days,Tumor_volume_mm3
5.61667772616678,6.67763985851854
10.6874585268746,6.67763985851854
25.6100420261004,6.67763985851854
40.677504976775,6.67763985851854
46.6175624861756,158.958827347755
53.7166556071665,288.67983891266
61.6850254368502,463.521202326228
66.6109267861092,525.561686118139
75.5934527759345,1050.08577635884
81.6783897367839,1354.64815133732
87.6184472461844,1918.6525494456
94.7175403671754,2093.49391285917
101.671754036718,2657.49831096745
