Study_days,Tumor_volume_mm3
4.10409406646866,3.32810581815444
18.9942874850902,115.660547398897
26.9357239750216,10.7648966442198
33.8844809037117,71.0398024425024
54.5653050962416,3.32810581815444
63.168527960334,234.649200615947
77.8932747854153,108.223756572831
91.7907886427954,123.097338224962
98.7395455714854,145.407710703159
105.853749093716,465.189716223983
112.967952615946,956.017910744318
138.943067801763,4138.96438430042
