Study_days,Tumor_volume_mm3
8.21069536231424,13.1111537559435
22.0513795781233,194.671528177573
28.9717216860278,206.775553139015
36.0650723466299,297.55574034983
42.9854144545344,309.659765311272
55.9610559068554,678.832526635252
69.1097059118739,963.277113229138
77.0680993359641,1150.88950013149
87.9676381559137,1417.17804928321
103.019382240606,2318.92790891064
