Study_days,Tumor_volume_mm3
5.927841523194,18.5905103668261
20.7033663766281,196.657061041032
57.8969289387207,1164.15198637089
82.8624709324541,1971.38701609395
