Study_days,Tumor_volume_mm3
15.0737905790829,4.99798931464437
35.3860787544451,0.377516434274734
45.2818088911599,38.0060566767058
55.4900357690342,48.757068174543
65.802428227295,317.53235562048
75.9064895247828,1978.56363203637
