Study_days,Tumor_volume_mm3
7.935571148446,4.52525917393566
14.8161523062523,29.3495380709461
21.6967334640585,130.973929805589
28.4855735397607,258.004419473894
35.2744136154629,647.564587790027
42.1549947732692,1308.12313406521
49.0355759310755,1384.34142786619
