Study_days,Tumor_volume_mm3
16.9938681202686,7.48676450418417
32.0082051547569,88.985989333815
46.7908923512372,400.648287083069
76.947574232057,1826.33752146796
88.0345896294172,2628.70216035433
