Study_days,Tumor_volume_mm3
4.92664045219955,0.191635287788528
21.8706216842044,541.785622634247
25.8639387988393,674.155546288574
35.9240261453235,1556.62170398409
46.9056482105695,2773.16433566434
