Study_days,Tumor_volume_mm3
19.2704678362573,5.20289855072473
36.5073099415205,5.20289855072473
47.5197368421052,5.20289855072473
78.6418128654971,259.608695652174
90.6118421052632,495.028985507246
98.432261208577,624.130434782609
106.731481481481,943.086956521739
123.649122807018,1319
133.863547758285,2059.4347826087
