Study_days,Tumor_volume_mm3
210.052844332876,1.55971209967674
238.798626917879,908.778389330753
242.819016090606,970.184020322376
249.804442278221,1263.34638763722
