Study_days,Tumor_volume_mm3
4.81283773149362,26.2565803706639
15.8091128482241,109.389197375063
26.8053879649546,509.464916708733
43.7293426367976,1766.84574890027
