Study_days,Tumor_volume_mm3
5.10777888205431,0.464934799731666
27.5398882591528,37.7508824644826
34.6653818259959,54.4703025175763
43.5062719922641,118.959494150938
50.3678583899648,197.77961725838
56.4377232802385,276.599740365822
70.5567568293535,498.729178214067
77.6822503961965,809.232693485808
83.4882081173279,861.779442224102
89.6900265921728,1377.69297529099
97.739195251014,1394.41239534409
