Study_days,Tumor_volume_mm3
11.9698868418592,37.6102292768961
116.824027429272,70.3873695841568
182.691631390427,561.0006162215
193.606834332561,1016.81859713988
203.379594126999,1377.6455026455
