Study_days,Tumor_volume_mm3
95.8408634070022,32.6519916142558
117.86354428937,121.379616190937
122.790652554578,289.962102886631
131.749031218592,653.745363651024
138.766427838737,1085.55313659087
144.738680281413,1458.20915981293
151.830730057091,1984.65973230124
