Study_days,Tumor_volume_mm3
6.20340265300333,0.89026155124921
14.8962117760336,10.1641709808487
18.8308516948788,18.4549953799222
25.785098993303,57.145509242265
33.7458820849202,95.8360231046077
39.6935935901514,206.380348425587
45.6413050953826,336.269930677738
52.6870556477334,524.195283723403
67.6935892917014,952.554544342198
74.8308430979789,1845.19997130911
