Study_days,Tumor_volume_mm3
24.7239164125381,63.8750410460006
49.4464580312953,580.069554315053
91.6876218567215,3472.9096390937
