Study_days,Tumor_volume_mm3
9.17927374102914,73.9978066081762
16.3202611970643,32.8492734165218
23.4612486530994,32.8492734165218
30.3858425498607,56.36272095461
37.3104364466221,56.36272095461
44.4514239026572,85.7545303772203
51.3760177994186,79.8761684926982
58.3006116961799,91.6328922617423
65.441599152215,121.024701684353
79.2907869457377,250.348663143838
94.4383360949031,644.198909406815
129.277699137984,2060.88412357663
143.34328049078,2525.27471245387
