Study_days,Tumor_volume_mm3
5.94034770433464,74.9609903744923
12.8663584388309,50.9489208903593
19.8401347645995,87.8905662505639
33.8832185986815,497.942829748834
35.9371390233942,832.264720258685
