Study_days,Tumor_volume_mm3
5.92063857195437,7.92314164287628
13.6048951048951,4.62602742681282
25.8093025395657,14.5173700750032
32.7402005888848,27.705826939257
47.6566985645933,57.3798548838281
53.5328947368421,80.4596543962722
58.3543890320206,139.807710285414
65.435958778064,218.938451470937
72.5175285241075,354.120134329539
79.5990982701509,690.425784368011
86.6806680161943,1297.09480012369
