Study_days,Tumor_volume_mm3
4.81375578581949,89.812902273943
10.8359522932885,57.197591427992
16.7789093730276,118.804289692566
30.8042880812119,749.366966047618
38.8074702819272,1394.42533611198
44.8296667893962,1470.52772808587
