Study_days,Tumor_volume_mm3
12.8370932883323,11.6074234882209
16.9093910057139,183.964505259157
21.9028036829795,365.896980461812
37.9011161441217,1452.70413496188
42.8945288213873,2036.80313429672
