Study_days,Tumor_volume_mm3
361.071693822798,1.40936004031272
385.931005431226,83.9238473167046
389.03841938228,207.695578231293
396.003312720848,488.244834971026
403.932575906295,744.039745527841
411.004621450072,1247.37811791383
425.041560332417,1428.90998992189
431.042083824107,1346.3955026455
438.971347009554,1977.6313303099
446.043392553331,1263.88101536911
453.222590302316,1486.67013101537
459.115961588797,2060.14581758629
