Study_days,Tumor_volume_mm3
4.19100403124856,2.48460846213243
19.0699899346519,172.47896608862
27.0750583739098,589.303952518355
35.0801268131677,1129.63263863097
41.0839281426112,1752.29712453218
48.0448572202268,2009.59649887152
