Study_days,Tumor_volume_mm3
7.35133306229872,14.8145463402198
41.5662866832854,14.8145463402198
54.337767067156,341.854942531403
59.5409627791032,286.01877732803
75.3082225122768,660.918743693533
80.5114182242241,884.263404507024
87.4490125068205,1259.16337087253
94.5442793867486,1977.05692348732
102.585581850667,3939.29930063442
