Study_days,Tumor_volume_mm3
6.94962599519526,62.2851134860932
13.9298163976413,168.306632848461
21.033549993051,638.777125018968
34.9939307979431,2368.25315961759
