Study_days,Tumor_volume_mm3
4.80248545057861,21.7013784892775
11.7542845001373,21.7013784892775
18.8147054098454,21.7013784892775
26.7441012007483,73.198173745058
35.7597155931448,377.029265754163
50.7495322937558,1247.32510557685
56.7237346019703,1479.06068422787
62.6979369101849,2071.27382966934
