Study_days,Tumor_volume_mm3
5.80702463861733,61.7421151168934
11.7802201679486,61.7421151168934
19.7800356090173,93.6693832786199
27.6731868442051,141.560285521209
32.6864045206082,216.057244565238
42.7128398734143,519.366292101639
49.6460132556738,822.67533963804
62.6590463731456,1572.96614143861
