Study_days,Tumor_volume_mm3
16.9025643064733,57.4100146988424
23.9040845687185,98.7730616653719
29.9314802727384,171.572024326464
36.9330005349836,280.770468318101
42.8995134541143,270.843337046134
51.9101656176995,585.202493991758
57.9375613217193,629.87458471561
62.9299496826246,993.869398021069
