Study_days,Tumor_volume_mm3
13.9310967388075,4.03667831671755
45.870268474086,1793.29115948663
51.8621174952844,1847.47922101559
