Study_days,Tumor_volume_mm3
6.48894212156408,4.9350763291818
22.6547377080914,4.9350763291818
32.6394938056523,4.9350763291818
42.6242499032133,4.9350763291818
49.7562185443283,4.9350763291818
56.7296989934185,68.1479206878412
63.7031794425087,68.1479206878412
68.7748015873016,68.1479206878412
81.7708333333333,286.519564835937
89.6952429345722,660.05000877347
96.6687233836624,1177.24600807159
104.751621176926,2441.50289524478
