Study_days,Tumor_volume_mm3
0.0782911152751939,1.76071741032369
7.09907812848918,1.10454943132109
27.7226399798052,29.7572178477689
45.8596730972747,121.445756780402
50.8327305649679,155.82895888014
65.8981693641562,336.340769903762
78.7696122217152,662.981189851268
102.025969202987,1247.49562554681
