Study_days,Tumor_volume_mm3
18.9631906249497,53.8082681699715
158.127384671363,4460.9732072498
