Study_days,Tumor_volume_mm3
8.00573063566852,28.6997044782904
17.9725260989832,90.7403197696445
33.0117085391634,376.127150109873
39.9528696654004,810.411457149352
45.9151490943476,1325.34856406759
48.9407834314253,1592.12320982041
54.0131704082908,2547.54868530727
