Study_days,Tumor_volume_mm3
0.857088980412813,1.59740628549798
15.7569979886021,1.59740628549798
27.9121869163354,1.59740628549798
40.6555301470236,61.3860415427057
54.7712334179398,158.81937307297
62.8093422249892,200.892857142857
80.0618684449979,440.047398171688
93.1973145443226,725.704211067237
105.940657775011,931.642843619841
