Study_days,Tumor_volume_mm3
3.7059202059202,31.8707127530657
24.4738922596066,51.5322912381736
46.1506710792425,202.271059624001
63.2512410369553,353.009828009828
73.1262180547895,372.671406494936
80.3285424579927,407.335017459809
90.4676411104983,713.472100236806
94.8029968744255,1067.38051296875
100.101765030336,287.471233059468
121.778543849972,1473.71980166098
130.449255377827,1925.93610681846
