Study_days,Tumor_volume_mm3
4.59134109985605,111.413186131416
44.5628770276608,242.857710999578
61.5119381984614,897.216897465062
68.5740470196283,1559.91186974539
