Study_days,Tumor_volume_mm3
3.91875404176315,89.7592331689644
4.95207642322215,15.6045587199355
26.9336616288045,163.913907617993
31.9123967394706,317.16690147932
38.9577766130546,727.489433430613
47.8819244529278,1251.51579953708
52.9545979619083,1567.90907718627
60.939361818637,1770.59852068029
