Study_days,Tumor_volume_mm3
4.70374998071791,2.88381133184199
19.152205099727,0.0768413677760633
28.1446002437256,0.0768413677760633
54.6165949372946,236.775374601668
59.6685023215635,494.352159468439
67.6505159887084,855.551788821841
74.7231863266849,1379.58731665424
80.6844370401222,1776.31477840306
88.666450707267,2193.7668090492
