Study_days,Tumor_volume_mm3
153.928462440432,7.65289230138575
166.925861757941,90.2675516735774
187.825089069617,842.060951960521
193.954544429579,1482.32456209501
199.862453210264,1713.64560833714
206.878094887329,2275.42529206805
214.927620601013,3076.78748797831
