Study_days,Tumor_volume_mm3
4.98483455882353,3.39944253859351
56.5604184688581,726.932890222985
60.7674902681661,1324.63443396226
