Study_days,Tumor_volume_mm3
9.72908968344413,55.8439629257534
12.6157486485288,64.0375120694572
20.6095734749173,76.3278357850128
26.7159674395196,145.973003506495
35.7090203692065,313.940760952422
40.7051608856993,383.585928673903
48.6989857120878,477.811743826497
54.6943543318791,727.714992709461
61.688951054969,899.77952472724
70.6820039846559,1256.19891247835
