Study_days,Tumor_volume_mm3
27.3818969844396,49.9683650303331
64.5421477019705,254.739662808442
79.5984561823494,880.754773158659
105.706735781304,1325.40101976255
115.637492438575,1430.71197290558
126.689463557151,2518.92515538353
