Study_days,Tumor_volume_mm3
3.0249847925494,6.31479753547199
13.9561920543693,6.31479753547199
27.9872939128246,6.31479753547199
41.0394816881319,6.31479753547199
63.065048558963,229.44048253799
78.8908262365231,619.910431292396
87.0484435960901,1233.50606504932
104.01628770399,2365.8689164371
