Study_days,Tumor_volume_mm3
13.2593099095308,6.78538175046524
24.1461182411109,6.78538175046524
34.2060803702924,6.78538175046524
51.7076583210604,73.8710428305397
62.318851251841,279.919859005054
70.4495055754261,596.180832668263
78.7179675994109,1386.83326682628
85.4705449189985,1751.0125698324
97.4598148537766,2158.31836924714
