Study_days,Tumor_volume_mm3
64.0820617203276,2.70249301748219
71.8388648759905,10.1211355367218
78.849259030565,61.6375084424496
85.8596531851395,278.54855225604
91.9061181434599,308.373820780409
95.8494648554081,522.57347654633
102.859859009983,498.170984117301
110.921812287743,834.383102028367
116.880647319131,975.375280507201
123.891041473706,1772.52336652215
130.90143562828,1794.21447090351
