Study_days,Tumor_volume_mm3
1.26191942430439,19.1389196293952
7.65483632335626,11.1631013648788
39.6194208186156,178.655284919723
48.4984720672987,290.316740622952
60.5739817655078,561.494561616509
74.6028827384272,1135.75347666169
111.539735932949,3384.93422725531
