Study_days,Tumor_volume_mm3
1.99701926120179,5.26596061502451
11.1125864719447,5.26596061502451
33.9514438502674,2881.44917812814
37.9234759358289,1266.47098289165
