Study_days,Tumor_volume_mm3
11.8472826997676,5.37180349327739
31.8498087923027,380.597010899859
40.8239150932778,1080.1694314884
52.8254307487988,2142.24756092737
63.8538505403587,2695.54574812012
