Study_days,Tumor_volume_mm3
227.858028981844,3.04642019946911
237.722071275117,55.1712915307899
245.702978221492,87.7493361128653
251.711076709213,130.100794069563
257.719175196933,224.577123357582
263.816946796411,240.86614564862
270.721776401702,618.771462800696
277.71627911875,820.755339209563
285.697186065125,902.200450664752
292.78136189393,2097.81468682692
