Study_days,Tumor_volume_mm3
15.9481326674628,262.233865479079
32.9613505591141,1655.56737142688
55.8411953099555,2453.62693821388
