Study_days,Tumor_volume_mm3
19.8160981657501,108.794208491321
34.7385849466467,204.805815440533
60.7661781691409,719.153709811313
70.6566635936887,952.324755259399
83.6704602049358,1665.55383545355
97.5518432569327,2426.7887191223
109.52453613928,2330.77711217309
