Study_days,Tumor_volume_mm3
5.20148722692663,4.41068622315354
11.2047605493489,4.41068622315354
25.1688963210702,4.41068622315354
32.2162171778268,4.41068622315354
39.6550558599587,9.90047145102154
45.5278232405892,59.3085385018335
52.444638155554,229.491880565741
59.4919590123105,317.328444211629
67.5833274034014,668.674698795181
73.7171066676155,1223.14300680985
80.6339215825802,2568.14038763751
