Study_days,Tumor_volume_mm3
19.0240053143841,5.2450071322021
31.9456080843054,0.799942054935659
47.7481824443254,263.603550413289
59.7784877936787,588.903470037806
65.7936404683554,1053.61764092997
72.7277748016632,1366.24353771198
82.7530292594577,2523.80429066156
