Study_days,Tumor_volume_mm3
13.9928904953447,2.73799984259724
26.9819765970015,119.105899734562
38.865608562347,481.591500976612
46.05106044837,481.591500976612
53.052269978341,639.988570426919
59.9613583302861,810.570029834942
63.9225689854013,929.367831922673
70.9237785153723,1282.71514069643
