Study_days,Tumor_volume_mm3
0.00648116142412004,5.15117644402286
7.72914506279526,38.4291875536286
20.5589641663786,68.0096418732782
42.8224737873027,286.165492480694
53.9542285977647,485.833559138328
63.0105714944118,648.526057896401
76.029064408342,1125.51088380075
88.1041882705381,1428.71054057716
101.688702615509,1317.78383687847
