Study_days,Tumor_volume_mm3
6.73377599599097,1.50164560034764
14.7489030551299,1.50164560034764
32.7829389381923,142.012769632887
47.76359308444,718.108378166299
59.8817018524238,1740.32680550302
