Study_days,Tumor_volume_mm3
21.2676735044768,8.63049470477326
36.1418030083481,339.313796605252
57.1249499870236,1348.46801102568
71.069446396903,1616.43551428986
85.0139428067823,2420.3380240824
