Study_days,Tumor_volume_mm3
49.1058631921824,1.98063380281735
51.9560260586319,1.98063380281735
65.7182410423453,192.12147887324
73.6172638436482,366.417253521127
79.64332247557,726.892605633803
87.78664495114,1523.1073943662
92.5912052117264,1637.98415492958
