Study_days,Tumor_volume_mm3
104.223954675947,1.36554912867759
106.709729594366,4.5916435535062
113.69357341278,52.9830599259354
120.795787465405,1.36554912867759
128.726593157503,85.2440041742216
134.763475102235,62.6613432004212
147.66583063117,175.574648069423
154.649674449585,343.331558160511
163.645812249577,678.845378342687
169.801064428518,946.611215603462
175.83794637325,1456.33413472638
