Study_days,Tumor_volume_mm3
9.12215384010383,124.154081025367
20.7132506193716,239.404341938433
27.7966986511463,320.757467288833
36.8119961461324,313.9780401763
47.7591431043297,829.214500728832
55.7011908975317,741.081948265899
62.7846389293064,883.449917629098
74.8050355892878,815.655646503765
82.7470833824898,930.905907416831
88.7572817124805,1107.1710123427
95.6260798038984,1066.4944496675
102.709527835673,1568.17205599496
109.792975867448,2313.90903837363
