Study_days,Tumor_volume_mm3
0.535204963254427,6.23120280985061
28.6774457144047,20.6958378025946
38.6491058230799,20.6958378025946
51.2798752940686,184.62836772036
76.541414236046,126.769827749384
97.3711042408344,705.355227459145
104.462062540337,734.284497444633
111.33142839298,864.466212379329
119.530348926779,1197.15281721244
125.513344991985,1491.2670620649
132.604303291487,2580.93623151829
