Study_days,Tumor_volume_mm3
8.87316522654261,13.5711547755945
22.8409839924671,59.4188623902138
36.8088027583915,227.527123643818
44.8085535061482,337.561621918904
49.8877603301208,530.121993900305
56.871669713083,881.621085612386
65.7602816550349,517.895938536406
71.8553298438019,924.41227938603
77.8233978619697,1144.4812759362
83.7914658801374,1315.64605103078
