Study_days,Tumor_volume_mm3
13.7592035255549,0.413847604259152
48.608991239856,172.954331188997
65.5058580104262,276.47862133984
76.6698592695529,525.3001608252
87.6829956467996,768.673053460515
