Study_days,Tumor_volume_mm3
17.978149081846,16.3791009336903
39.763321110379,116.775637143707
47.8694316326238,380.316544695002
55.8066648523219,455.613946852515
63.7438980720199,706.605287377558
69.8234809637035,825.826174126953
80.8005056292434,1277.61058707203
89.7510026642221,1767.04370109586
96.8438493711863,2011.76025810778
108.834137852007,2620.41425888101
