Study_days,Tumor_volume_mm3
7.08459200903889,10.5413656690747
14.6884831948945,10.5413656690747
32.8036357259036,66.8709150326797
47.7877742392074,252.758427932576
59.6408987348059,478.076625386997
75.7432565401473,1266.69031647747
105.711533566755,2308.78697970416
117.788301920761,2111.63355693154
