Study_days,Tumor_volume_mm3
12.8822624894907,80.8066770126391
38.8769138014957,1574.6956045059
49.9269049515465,2877.42338961851
