Study_days,Tumor_volume_mm3
13.0302009547274,15.985060690942
49.0380543578688,1082.93944738389
63.0579188481675,2057.11519175571
71.9338042808747,3158.86156931908
