Study_days,Tumor_volume_mm3
15.7936180927528,18.153943208409
36.3845015184117,224.967173551052
44.9806955699003,617.276248322
56.9753849440706,1766.57607300309
63.9722870790032,2324.64954556458
