Study_days,Tumor_volume_mm3
7.81802417371948,135.036027781548
43.7576675207702,231.355198859779
69.1866604550043,1916.94069272884
80.3754173460673,2976.45157458939
219.048192147424,5355.53510022171
