Study_days,Tumor_volume_mm3
11.8581979320532,11.4172661870502
22.8877400295421,158.438848920863
28.9249630723781,288.496402877698
39.8384047267356,514.68345323741
48.8942392909897,797.41726618705
55.8602658788774,1085.80575539568
64.9161004431315,1475.97841726619
74.9007385524372,2256.32374100719
