Study_days,Tumor_volume_mm3
7.80162121758086,8.75327283813311
14.8237208789834,13.4518130626588
32.8471100099167,257.775904737993
48.8809042367859,431.621893045443
56.8392838530421,1037.73358200925
67.8405733225729,2052.6182705068
76.8522678880395,2047.91973028227
