Study_days,Tumor_volume_mm3
0.525715230284908,7.47257736186176
11.602298408187,7.47257736186176
14.6726816078002,7.47257736186176
38.6216705647827,38.647979731412
66.7156768412431,319.226601057364
77.6155371998697,599.805222383317
94.6561639577227,2651.14669829972
