Study_days,Tumor_volume_mm3
12.0808386804379,0.0182246998284448
23.1217152080401,3.16502287021173
43.016124800229,117.761935391652
58.2233698288131,283.290809033734
63.0146936049424,553.866852487136
79.9926452464439,1629.80453116066
