Study_days,Tumor_volume_mm3
90.1124247812249,7.88502968025886
170.433737874828,965.048478125615
174.661175406071,1376.62876095712
181.624013692823,1998.7850024466
