Study_days,Tumor_volume_mm3
5.86792654954251,70.6892701626417
11.6926436115242,88.2410956864796
18.9041980692158,342.742565782129
25.907726917551,983.384197402211
32.9112557658861,1387.07618445048
40.8855707912182,3317.77699207265
