Study_days,Tumor_volume_mm3
3.91576988836368,6.99864114637787
11.8867042140199,78.1549747122423
16.7779593683999,171.205564759911
24.7488936940561,390.148129577956
32.7198280197124,537.934360830136
39.9661319521271,636.458514998256
60.6180981595092,1189.28849116382
68.7701900834758,1282.33908121149
83.8062707432365,1528.64946663179
97.7554058131349,1758.53915969073
104.820552147239,2196.42428932682
