Study_days,Tumor_volume_mm3
5.00623626536793,15.6452573470466
14.9263526756548,15.6452573470466
26.8888459939419,105.665185422727
40.8937162202293,328.464507410038
77.8023846290907,983.359484160616
102.894443784522,1095.88439425522
