Study_days,Tumor_volume_mm3
12.947349286092,43.7112214483405
85.9031266525648,1396.88117795553
