Study_days,Tumor_volume_mm3
5.89030038975577,23.7377390808954
14.8443686203966,23.7377390808954
28.8429823330885,271.20122337455
42.8415960457805,748.452228798027
49.7778460836008,1137.32341840234
56.8402097584724,1747.14414755456
63.7764597962928,2454.18267410786
76.7661644125745,3408.68468495482
