Study_days,Tumor_volume_mm3
4.91186911011321,18.4101099911854
14.9164545253305,18.4101099911854
26.8784588261337,402.47863411643
42.9002948896338,1758.01460161729
