Study_days,Tumor_volume_mm3
7.11902677733907,18.5790958701151
22.9203218139188,204.941354171483
42.9518700940546,795.522572093525
