Study_days,Tumor_volume_mm3
15.2349024556471,4.79866310821162
25.6103044533896,4.79866310821162
39.7696765914851,78.4450910618529
55.6379384703853,241.519324387773
74.5577891721509,1004.28589962191
88.7171613102464,2387.78665332246
