Study_days,Tumor_volume_mm3
159.111161598998,1.34053962039344
185.882503656129,24.4472093929609
192.845453608208,266.297019679166
200.888861311472,793.129090493704
206.831378942987,984.144227280261
