Study_days,Tumor_volume_mm3
30.6549958880516,88.2307841209716
54.5900271026539,276.178420826897
72.5794136206353,696.823131549682
86.605037007536,1323.31525390277
92.7031341322754,1743.95996462555
107.643472087887,3005.89409679391
