Study_days,Tumor_volume_mm3
9.2893410913175,9.90910887176475
17.2589539200699,9.90910887176475
30.7459910148816,113.445959296582
45.1525988207032,514.651254692749
52.0493791532774,851.146018573405
59.0994212710199,1071.16182572614
66.1494633887624,1718.26714088125
79.0234533429008,1970.63821379174
92.0507050822076,2190.65402094448
