Study_days,Tumor_volume_mm3
5.80889304771279,13.1872099951253
21.7996069263845,54.9298571867044
30.7323505413666,289.555310813007
41.9809906491219,1114.52868001517
58.964231596125,2832.59248560131
