Study_days,Tumor_volume_mm3
218.148116919618,0.63336545668672
269.546655424396,237.693007816682
277.499437886453,471.105578755755
284.421304103429,562.28236427883
291.637717818999,514.870435806831
297.675941540191,850.401006531748
305.481450252951,1065.57822036621
311.66694772344,1371.93221972374
318.736087689713,1076.51943462897
326.541596402473,1401.10879109112
332.727093872962,2524.40678873541
