Study_days,Tumor_volume_mm3
182.929943236441,10.2414439756213
188.79099870825,53.2325363338023
200.806162425461,53.2325363338023
207.839428991632,53.2325363338023
221.808277866112,489.285044538209
227.767017595786,599.83356774496
235.777126740592,1312.25738396625
243.787235885399,2780.096108767
248.769133036437,3615.35161744023
