Study_days,Tumor_volume_mm3
19.8527079135483,11.4511207513108
35.800342724525,179.196844344086
49.8232629893495,387.856159057051
55.8723658486855,555.601882649826
70.8576433865861,1222.49341790891
84.8805636514105,1913.93310784011
96.841289759643,1770.73553891944
