Study_days,Tumor_volume_mm3
15.2307264640474,1.24137057445043
21.3000370644922,1.24137057445043
27.6121200889548,1.24137057445043
34.7739065974796,14.5164354930647
41.6929206819867,70.9354613971751
48.6119347664937,197.04857812401
55.5309488510007,296.611565013617
63.6638250555967,512.331369941098
68.8834321719792,747.963772246501
74.8313565604151,1119.6655899677
81.8717568569311,1531.19260244474
