Study_days,Tumor_volume_mm3
7.7363070527669,57.9642267001438
21.7585872944854,105.930653018305
29.6600309227554,233.841123200069
34.7792760903669,329.773975836391
43.6823111644739,400.581557544153
48.8015563320855,569.606107427198
56.9255758372081,996.73571321273
62.823836573804,1129.21441447241
70.725280202074,1197.73788064122
