Study_days,Tumor_volume_mm3
8.66497902842118,21.323033437189
14.5080677976712,21.323033437189
29.2695552147239,72.751135808021
43.4159806560661,149.893289364269
64.6356188180794,268.177924817182
86.7778499436585,530.461246908425
112.917983911356,864.743912318833
154.127136283961,1985.87654400297
174.731712470264,2083.58993850755
