Study_days,Tumor_volume_mm3
144.013276655748,3.18957993709822
157.927211879402,3.18957993709822
186.911553335568,1098.24041122974
201.82412800749,1777.05965637317
223.844565373506,2504.75388716693
