Study_days,Tumor_volume_mm3
2.1218530444965,1.63569313735861
37.714468676815,482.132943851115
50.8883588783874,943.872043636107
