Study_days,Tumor_volume_mm3
8.82096607096607,166.603513770181
20.2393909509294,105.022317188984
42.3911352180583,2.38698955365631
58.1485615524077,4.09757834757844
71.1655659155659,146.076448243115
123.918688860997,377.005935422602
162.512964955273,996.239078822412
