Study_days,Tumor_volume_mm3
8.16616436580466,12.9120397062141
14.6047972432865,12.9120397062141
22.7769082031672,12.9120397062141
32.6824972454469,12.9120397062141
48.5314397130944,68.7363697891861
56.7035506729751,68.7363697891861
67.5996986194828,75.3039380342416
105.488576706203,229.641791793046
118.613482187223,344.574236081518
130.500189037959,649.9661594766
141.643976710523,965.209435239265
151.549565752803,1474.19597423107
