Study_days,Tumor_volume_mm3
356.326595514802,1.86108148633077
424.264099625137,1.86108148633077
438.294671126185,27.1876286918051
450.10988923233,201.47988976062
468.386554740274,309.375098993696
474.109551010438,400.671045267837
478.540257800242,1097.8400895431
485.370930767858,1334.37958670792
494.232344347467,1371.72792836552
503.462983492893,1907.05415879117
513.432073769953,2836.61288449152
