Study_days,Tumor_volume_mm3
26.1240553098262,4.65178971350116
43.9310696788242,152.864617396991
55.8758165487207,896.54022236756
63.8984077299945,2233.95683453237
69.8707811649428,1340.34663178548
78.8739112683723,2677.76324395029
