Study_days,Tumor_volume_mm3
224.726426206192,44.1039026757956
256.750783385559,121.894073179044
270.492143920706,395.850760603525
277.595728604129,578.488552219846
283.651243416228,808.476882403362
290.754828099651,1180.51682828846
299.605195901949,1528.88150488996
305.660710714048,1694.60838987514
312.764295397471,2269.57921533393
