Study_days,Tumor_volume_mm3
13.5655038994015,4.56001052816297
55.6191886826673,4.56001052816297
71.5378151260504,4.56001052816297
83.6549785381778,8.2542676660067
91.2579046006892,104.304953249944
104.087842331177,252.075238763693
127.371803397618,521.756009826285
141.627289764827,1153.47398039756
147.567075751164,1641.11592259294
