Study_days,Tumor_volume_mm3
7.98221258330102,66.1602234360355
29.7775468244163,112.010570787152
40.7638128646533,468.624383518056
48.7377156357931,570.514044298315
56.7116184069328,978.072687419349
70.8874455556257,1548.6547877888
85.7720640617532,2124.33137119726
102.783056640185,1818.66238885648
