Study_days,Tumor_volume_mm3
12.900839244329,45.4268846675099
47.824359154435,658.524916905791
61.8176873375939,1387.76839997274
