Study_days,Tumor_volume_mm3
0.255928548595947,1.79416152103906
4.71229540615366,1.79416152103906
10.7451387797782,1.79416152103906
20.6815866892774,72.028787552748
41.7965384969633,167.347208595782
66.8150948405238,684.073385829069
80.6551472858977,1592.10676523902
89.7044123463345,1080.397347008
95.7372557199591,1501.80510319825
