Study_days,Tumor_volume_mm3
16.7912991781323,5.26842509322249
31.8643526321979,141.038330774293
37.8586557432741,386.717207720992
45.8898579697647,1492.27215398114
52.8735120797564,2746.52747313007
