Study_days,Tumor_volume_mm3
1.00022451308723,7.74957946317534
10.6732461474178,4.68368317121299
19.6926852388881,7.74957946317534
34.6887570411965,198.442741768482
52.6393494729035,476.231103748188
60.781886246049,723.636363636363
66.7037311719729,793.08345413129
73.7359220215076,1122.95713398219
81.693401140718,1474.53302961276
87.6152460666419,1266.19175812798
