Study_days,Tumor_volume_mm3
7.17749866133949,12.140583134057
13.2056542960705,12.140583134057
18.1209196597743,12.140583134057
32.0320480476151,429.193796997896
39.0803530974545,1207.15844593621
47.0560667064833,1848.7787749575
55.031780315512,2634.76367800858
