Study_days,Tumor_volume_mm3
10.9254658385093,185.6784519828
19.9198209198209,721.167117906249
24.9269876661181,1240.26327364837
31.9277485799225,2333.09728573704
