Study_days,Tumor_volume_mm3
6.0335903552867,75.0000000000004
18.9620786117975,212.008815180039
24.9147638522053,446.881069774392
34.0298131265798,1141.71148961602
39.0523912981739,1631.02868668758
53.0039973303797,3588.29747497385
