Study_days,Tumor_volume_mm3
6.66998309272988,29.2197003040973
14.5497463909481,66.6976932618438
22.6424762647939,78.6225092029449
34.6750877877487,96.5097331145966
49.5827480816751,240.459296975032
60.6570100143062,163.799765925096
67.6849070100143,361.411001520486
