Study_days,Tumor_volume_mm3
11.9465138385357,47.7579676404692
22.936543903086,235.811798019311
34.9691064638783,284.665640075024
36.967293748342,305.411792180875
