Study_days,Tumor_volume_mm3
5.90571452527593,32.6501104394327
27.9084662174523,158.289496628691
41.9279186230868,313.43510230179
44.9135427465089,430.508166705417
