Study_days,Tumor_volume_mm3
4.07150479189315,2.12205270457651
12.9040321875273,14.3862690707347
21.7365595831615,137.028432732316
30.5690869787957,190.173370319001
39.4016143744299,263.75866851595
48.3503592357961,427.281553398058
57.0666691656983,496.778779472954
65.8991965613325,909.674063800277
74.7317239569667,1281.68862690707
