Study_days,Tumor_volume_mm3
11.044202005801,13.4257975034671
18.2459082021918,16.4539990753579
25.3021253845141,176.948682385575
32.4310870738706,328.35876098012
39.4873042561929,576.671289875173
46.761754959618,821.955617198335
53.8907166489745,1106.60656495608
