Study_days,Tumor_volume_mm3
70.1543209876543,3.47345788849355
112.662174823633,634.775355871886
125.748456790123,2271.30412218268
