Study_days,Tumor_volume_mm3
47.9781894417727,1.1001544493281
65.9542798180198,1413.44234372339
73.9417100511233,2274.7266223812
