Study_days,Tumor_volume_mm3
6.04740042697156,15.1158769679594
16.8916069493696,161.176604966216
27.9715570918197,407.173620542226
44.827225925547,872.261728115622
79.9530253133145,2132.99643294268
