Study_days,Tumor_volume_mm3
13.9659498207885,67.4619870779361
27.9719371130661,314.768078464262
