Study_days,Tumor_volume_mm3
12.9324752349279,71.1599374523878
17.9034642992402,151.37834380046
24.9151751899543,453.152348633685
35.9560035327952,1003.22142073475
41.9211904099699,1576.2100375067
